file,line,type,commit,author,date,time,timezone,datetime,depth,length
style.css,1,css,0957792b,lan019-ucsd,2025-10-08,14:47:50,-07:00,2025-10-08T14:47:50-07:00,0,1
style.css,2,css,fa9cac86,lan019-ucsd,2025-10-16,16:06:07,-07:00,2025-10-16T16:06:07-07:00,1,21
style.css,3,css,0957792b,lan019-ucsd,2025-10-08,14:47:50,-07:00,2025-10-08T14:47:50-07:00,0,0
style.css,4,css,0957792b,lan019-ucsd,2025-10-08,14:47:50,-07:00,2025-10-08T14:47:50-07:00,0,0
style.css,5,css,fa9cac86,lan019-ucsd,2025-10-16,16:06:07,-07:00,2025-10-16T16:06:07-07:00,0,19
style.css,6,css,212f2c87,lan019-ucsd,2025-10-02,13:40:25,-07:00,2025-10-02T13:40:25-07:00,0,4
style.css,7,css,76345e27,lan019-ucsd,2025-10-10,12:57:10,-07:00,2025-10-10T12:57:10-07:00,1,43
style.css,8,css,76345e27,lan019-ucsd,2025-10-10,12:57:10,-07:00,2025-10-10T12:57:10-07:00,1,14
style.css,9,css,fa9cac86,lan019-ucsd,2025-10-16,16:06:07,-07:00,2025-10-16T16:06:07-07:00,1,13
style.css,10,css,5ed897e5,lan019-ucsd,2025-10-08,14:36:47,-07:00,2025-10-08T14:36:47-07:00,1,15
style.css,11,css,95503f15,lan019-ucsd,2025-10-08,14:39:28,-07:00,2025-10-08T14:39:28-07:00,1,42
style.css,12,css,fa9cac86,lan019-ucsd,2025-10-16,16:06:07,-07:00,2025-10-16T16:06:07-07:00,1,17
style.css,13,css,fa9cac86,lan019-ucsd,2025-10-16,16:06:07,-07:00,2025-10-16T16:06:07-07:00,1,18
style.css,14,css,0957792b,lan019-ucsd,2025-10-08,14:47:50,-07:00,2025-10-08T14:47:50-07:00,0,0
style.css,15,css,0957792b,lan019-ucsd,2025-10-08,14:47:50,-07:00,2025-10-08T14:47:50-07:00,0,0
style.css,16,css,0957792b,lan019-ucsd,2025-10-08,14:47:50,-07:00,2025-10-08T14:47:50-07:00,0,3
style.css,17,css,0957792b,lan019-ucsd,2025-10-08,14:47:50,-07:00,2025-10-08T14:47:50-07:00,1,14
style.css,18,css,0957792b,lan019-ucsd,2025-10-08,14:47:50,-07:00,2025-10-08T14:47:50-07:00,1,11
style.css,19,css,0957792b,lan019-ucsd,2025-10-08,14:47:50,-07:00,2025-10-08T14:47:50-07:00,1,13
style.css,20,css,0957792b,lan019-ucsd,2025-10-08,14:47:50,-07:00,2025-10-08T14:47:50-07:00,1,18
style.css,21,css,cab1fdbf,lan019-ucsd,2025-10-09,14:47:49,-07:00,2025-10-09T14:47:49-07:00,0,0
style.css,22,css,cab1fdbf,lan019-ucsd,2025-10-09,14:47:49,-07:00,2025-10-09T14:47:49-07:00,0,0
style.css,23,css,fa9cac86,lan019-ucsd,2025-10-16,16:06:07,-07:00,2025-10-16T16:06:07-07:00,0,14
style.css,24,css,cab1fdbf,lan019-ucsd,2025-10-09,14:47:49,-07:00,2025-10-09T14:47:49-07:00,0,3
style.css,25,css,cab1fdbf,lan019-ucsd,2025-10-09,14:47:49,-07:00,2025-10-09T14:47:49-07:00,1,12
style.css,26,css,cab1fdbf,lan019-ucsd,2025-10-09,14:47:49,-07:00,2025-10-09T14:47:49-07:00,1,28
style.css,27,css,6758cf2b,lan019-ucsd,2025-10-10,15:05:10,-07:00,2025-10-10T15:05:10-07:00,1,54
style.css,28,css,cab1fdbf,lan019-ucsd,2025-10-09,14:47:49,-07:00,2025-10-09T14:47:49-07:00,1,17
style.css,29,css,7dd075cc,lan019-ucsd,2025-10-16,13:44:03,-07:00,2025-10-16T13:44:03-07:00,1,20
style.css,30,css,fa9cac86,lan019-ucsd,2025-10-16,16:06:07,-07:00,2025-10-16T16:06:07-07:00,1,50
style.css,31,css,7dd075cc,lan019-ucsd,2025-10-16,13:44:03,-07:00,2025-10-16T13:44:03-07:00,1,43
style.css,32,css,cab1fdbf,lan019-ucsd,2025-10-09,14:47:49,-07:00,2025-10-09T14:47:49-07:00,0,0
style.css,33,css,cab1fdbf,lan019-ucsd,2025-10-09,14:47:49,-07:00,2025-10-09T14:47:49-07:00,0,0
style.css,34,css,cab1fdbf,lan019-ucsd,2025-10-09,14:47:49,-07:00,2025-10-09T14:47:49-07:00,0,5
style.css,35,css,cab1fdbf,lan019-ucsd,2025-10-09,14:47:49,-07:00,2025-10-09T14:47:49-07:00,1,6
style.css,36,css,cab1fdbf,lan019-ucsd,2025-10-09,14:47:49,-07:00,2025-10-09T14:47:49-07:00,1,17
style.css,37,css,cab1fdbf,lan019-ucsd,2025-10-09,14:47:49,-07:00,2025-10-09T14:47:49-07:00,1,20
style.css,38,css,cab1fdbf,lan019-ucsd,2025-10-09,14:47:49,-07:00,2025-10-09T14:47:49-07:00,1,13
style.css,39,css,fa9cac86,lan019-ucsd,2025-10-16,16:06:07,-07:00,2025-10-16T16:06:07-07:00,1,11
style.css,40,css,cab1fdbf,lan019-ucsd,2025-10-09,14:47:49,-07:00,2025-10-09T14:47:49-07:00,0,0
style.css,41,css,cab1fdbf,lan019-ucsd,2025-10-09,14:47:49,-07:00,2025-10-09T14:47:49-07:00,0,0
style.css,42,css,cab1fdbf,lan019-ucsd,2025-10-09,14:47:49,-07:00,2025-10-09T14:47:49-07:00,0,12
style.css,43,css,6758cf2b,lan019-ucsd,2025-10-10,15:05:10,-07:00,2025-10-10T15:05:10-07:00,1,56
style.css,44,css,cab1fdbf,lan019-ucsd,2025-10-09,14:47:49,-07:00,2025-10-09T14:47:49-07:00,1,20
style.css,45,css,cab1fdbf,lan019-ucsd,2025-10-09,14:47:49,-07:00,2025-10-09T14:47:49-07:00,0,0
style.css,46,css,cab1fdbf,lan019-ucsd,2025-10-09,14:47:49,-07:00,2025-10-09T14:47:49-07:00,0,0
style.css,47,css,cab1fdbf,lan019-ucsd,2025-10-09,14:47:49,-07:00,2025-10-09T14:47:49-07:00,0,11
style.css,48,css,6758cf2b,lan019-ucsd,2025-10-10,15:05:10,-07:00,2025-10-10T15:05:10-07:00,1,55
style.css,49,css,6e508c3c,lan019-ucsd,2025-10-16,13:59:42,-07:00,2025-10-16T13:59:42-07:00,1,74
style.css,50,css,581ded28,lan019-ucsd,2025-10-09,16:00:32,-07:00,2025-10-09T16:00:32-07:00,0,0
style.css,51,css,581ded28,lan019-ucsd,2025-10-09,16:00:32,-07:00,2025-10-09T16:00:32-07:00,0,0
style.css,52,css,fa9cac86,lan019-ucsd,2025-10-16,16:06:07,-07:00,2025-10-16T16:06:07-07:00,0,12
style.css,53,css,fa9cac86,lan019-ucsd,2025-10-16,16:06:07,-07:00,2025-10-16T16:06:07-07:00,0,22
style.css,54,css,fa9cac86,lan019-ucsd,2025-10-16,16:06:07,-07:00,2025-10-16T16:06:07-07:00,1,15
style.css,55,css,fa9cac86,lan019-ucsd,2025-10-16,16:06:07,-07:00,2025-10-16T16:06:07-07:00,1,17
style.css,56,css,fa9cac86,lan019-ucsd,2025-10-16,16:06:07,-07:00,2025-10-16T16:06:07-07:00,0,0
style.css,57,css,fa9cac86,lan019-ucsd,2025-10-16,16:06:07,-07:00,2025-10-16T16:06:07-07:00,0,0
style.css,58,css,fa9cac86,lan019-ucsd,2025-10-16,16:06:07,-07:00,2025-10-16T16:06:07-07:00,0,2
style.css,59,css,fa9cac86,lan019-ucsd,2025-10-16,16:06:07,-07:00,2025-10-16T16:06:07-07:00,1,13
style.css,60,css,fa9cac86,lan019-ucsd,2025-10-16,16:06:07,-07:00,2025-10-16T16:06:07-07:00,1,22
style.css,61,css,fa9cac86,lan019-ucsd,2025-10-16,16:06:07,-07:00,2025-10-16T16:06:07-07:00,1,19
style.css,62,css,fa9cac86,lan019-ucsd,2025-10-16,16:06:07,-07:00,2025-10-16T16:06:07-07:00,0,0
style.css,63,css,fa9cac86,lan019-ucsd,2025-10-16,16:06:07,-07:00,2025-10-16T16:06:07-07:00,0,0
style.css,64,css,7dd075cc,lan019-ucsd,2025-10-16,13:44:03,-07:00,2025-10-16T13:44:03-07:00,0,13
style.css,65,css,7dd075cc,lan019-ucsd,2025-10-16,13:44:03,-07:00,2025-10-16T13:44:03-07:00,0,4
style.css,66,css,7dd075cc,lan019-ucsd,2025-10-16,13:44:03,-07:00,2025-10-16T13:44:03-07:00,1,23
style.css,67,css,7dd075cc,lan019-ucsd,2025-10-16,13:44:03,-07:00,2025-10-16T13:44:03-07:00,1,23
style.css,68,css,7dd075cc,lan019-ucsd,2025-10-16,13:44:03,-07:00,2025-10-16T13:44:03-07:00,1,16
style.css,69,css,7dd075cc,lan019-ucsd,2025-10-16,13:44:03,-07:00,2025-10-16T13:44:03-07:00,0,0
style.css,70,css,7dd075cc,lan019-ucsd,2025-10-16,13:44:03,-07:00,2025-10-16T13:44:03-07:00,0,0
style.css,71,css,fa9cac86,lan019-ucsd,2025-10-16,16:06:07,-07:00,2025-10-16T16:06:07-07:00,0,22
style.css,72,css,147b70cc,lan019-ucsd,2025-10-16,14:07:23,-07:00,2025-10-16T14:07:23-07:00,0,13
style.css,73,css,147b70cc,lan019-ucsd,2025-10-16,14:07:23,-07:00,2025-10-16T14:07:23-07:00,1,17
style.css,74,css,147b70cc,lan019-ucsd,2025-10-16,14:07:23,-07:00,2025-10-16T14:07:23-07:00,1,8
style.css,75,css,147b70cc,lan019-ucsd,2025-10-16,14:07:23,-07:00,2025-10-16T14:07:23-07:00,1,10
style.css,76,css,fa9cac86,lan019-ucsd,2025-10-16,16:06:07,-07:00,2025-10-16T16:06:07-07:00,1,15
style.css,77,css,147b70cc,lan019-ucsd,2025-10-16,14:07:23,-07:00,2025-10-16T14:07:23-07:00,1,19
style.css,78,css,147b70cc,lan019-ucsd,2025-10-16,14:07:23,-07:00,2025-10-16T14:07:23-07:00,1,12
style.css,79,css,fa9cac86,lan019-ucsd,2025-10-16,16:06:07,-07:00,2025-10-16T16:06:07-07:00,2,13
style.css,80,css,147b70cc,lan019-ucsd,2025-10-16,14:07:23,-07:00,2025-10-16T14:07:23-07:00,0,0
style.css,81,css,f31388e4,lan019-ucsd,2025-10-16,14:03:47,-07:00,2025-10-16T14:03:47-07:00,0,0
style.css,82,css,147b70cc,lan019-ucsd,2025-10-16,14:07:23,-07:00,2025-10-16T14:07:23-07:00,0,20
style.css,83,css,fa9cac86,lan019-ucsd,2025-10-16,16:06:07,-07:00,2025-10-16T16:06:07-07:00,1,15
style.css,84,css,147b70cc,lan019-ucsd,2025-10-16,14:07:23,-07:00,2025-10-16T14:07:23-07:00,1,19
style.css,85,css,147b70cc,lan019-ucsd,2025-10-16,14:07:23,-07:00,2025-10-16T14:07:23-07:00,0,0
style.css,86,css,f31388e4,lan019-ucsd,2025-10-16,14:03:47,-07:00,2025-10-16T14:03:47-07:00,0,0
style.css,87,css,fa9cac86,lan019-ucsd,2025-10-16,16:06:07,-07:00,2025-10-16T16:06:07-07:00,0,8
style.css,88,css,fa9cac86,lan019-ucsd,2025-10-16,16:06:07,-07:00,2025-10-16T16:06:07-07:00,0,12
style.css,89,css,fa9cac86,lan019-ucsd,2025-10-16,16:06:07,-07:00,2025-10-16T16:06:07-07:00,1,12
style.css,90,css,fa9cac86,lan019-ucsd,2025-10-16,16:06:07,-07:00,2025-10-16T16:06:07-07:00,1,58
style.css,91,css,fa9cac86,lan019-ucsd,2025-10-16,16:06:07,-07:00,2025-10-16T16:06:07-07:00,1,9
style.css,92,css,fa9cac86,lan019-ucsd,2025-10-16,16:06:07,-07:00,2025-10-16T16:06:07-07:00,1,20
style.css,93,css,0603618c,lan019-ucsd,2025-10-16,14:50:01,-07:00,2025-10-16T14:50:01-07:00,0,0
style.css,94,css,0603618c,lan019-ucsd,2025-10-16,14:50:01,-07:00,2025-10-16T14:50:01-07:00,0,0
style.css,95,css,fa9cac86,lan019-ucsd,2025-10-16,16:06:07,-07:00,2025-10-16T16:06:07-07:00,0,16
style.css,96,css,fa9cac86,lan019-ucsd,2025-10-16,16:06:07,-07:00,2025-10-16T16:06:07-07:00,1,19
style.css,97,css,fa9cac86,lan019-ucsd,2025-10-16,16:06:07,-07:00,2025-10-16T16:06:07-07:00,1,10
style.css,98,css,fa9cac86,lan019-ucsd,2025-10-16,16:06:07,-07:00,2025-10-16T16:06:07-07:00,1,11
style.css,99,css,0603618c,lan019-ucsd,2025-10-16,14:50:01,-07:00,2025-10-16T14:50:01-07:00,0,0
style.css,100,css,0603618c,lan019-ucsd,2025-10-16,14:50:01,-07:00,2025-10-16T14:50:01-07:00,0,0
style.css,101,css,fa9cac86,lan019-ucsd,2025-10-16,16:06:07,-07:00,2025-10-16T16:06:07-07:00,0,0
style.css,102,css,76345e27,lan019-ucsd,2025-10-10,12:57:10,-07:00,2025-10-10T12:57:10-07:00,0,8
style.css,103,css,76345e27,lan019-ucsd,2025-10-10,12:57:10,-07:00,2025-10-10T12:57:10-07:00,0,12
style.css,104,css,581ded28,lan019-ucsd,2025-10-09,16:00:32,-07:00,2025-10-09T16:00:32-07:00,1,12
style.css,105,css,76345e27,lan019-ucsd,2025-10-10,12:57:10,-07:00,2025-10-10T12:57:10-07:00,1,58
style.css,106,css,76345e27,lan019-ucsd,2025-10-10,12:57:10,-07:00,2025-10-10T12:57:10-07:00,1,9
style.css,107,css,76345e27,lan019-ucsd,2025-10-10,12:57:10,-07:00,2025-10-10T12:57:10-07:00,1,20
style.css,108,css,1b7f865e,lan019-ucsd,2025-10-09,16:15:25,-07:00,2025-10-09T16:15:25-07:00,0,0
style.css,109,css,1b7f865e,lan019-ucsd,2025-10-09,16:15:25,-07:00,2025-10-09T16:15:25-07:00,0,0
style.css,110,css,76345e27,lan019-ucsd,2025-10-10,12:57:10,-07:00,2025-10-10T12:57:10-07:00,0,16
style.css,111,css,76345e27,lan019-ucsd,2025-10-10,12:57:10,-07:00,2025-10-10T12:57:10-07:00,1,13
style.css,112,css,76345e27,lan019-ucsd,2025-10-10,12:57:10,-07:00,2025-10-10T12:57:10-07:00,1,19
style.css,113,css,581ded28,lan019-ucsd,2025-10-09,16:00:32,-07:00,2025-10-09T16:00:32-07:00,1,10
style.css,114,css,76345e27,lan019-ucsd,2025-10-10,12:57:10,-07:00,2025-10-10T12:57:10-07:00,1,11
style.css,115,css,581ded28,lan019-ucsd,2025-10-09,16:00:32,-07:00,2025-10-09T16:00:32-07:00,0,0
style.css,116,css,fcb87aae,lan019-ucsd,2025-10-09,16:57:17,-07:00,2025-10-09T16:57:17-07:00,0,0
style.css,117,css,938cc0ce,lan019-ucsd,2025-10-10,12:40:56,-07:00,2025-10-10T12:40:56-07:00,0,12
style.css,118,css,938cc0ce,lan019-ucsd,2025-10-10,12:40:56,-07:00,2025-10-10T12:40:56-07:00,0,0
style.css,119,css,fcb87aae,lan019-ucsd,2025-10-09,16:57:17,-07:00,2025-10-09T16:57:17-07:00,0,9
style.css,120,css,fcb87aae,lan019-ucsd,2025-10-09,16:57:17,-07:00,2025-10-09T16:57:17-07:00,1,12
style.css,121,css,fcb87aae,lan019-ucsd,2025-10-09,16:57:17,-07:00,2025-10-09T16:57:17-07:00,1,58
style.css,122,css,fcb87aae,lan019-ucsd,2025-10-09,16:57:17,-07:00,2025-10-09T16:57:17-07:00,1,7
style.css,123,css,fcb87aae,lan019-ucsd,2025-10-09,16:57:17,-07:00,2025-10-09T16:57:17-07:00,1,16
style.css,124,css,fcb87aae,lan019-ucsd,2025-10-09,16:57:17,-07:00,2025-10-09T16:57:17-07:00,0,0
style.css,125,css,fcb87aae,lan019-ucsd,2025-10-09,16:57:17,-07:00,2025-10-09T16:57:17-07:00,0,0
style.css,126,css,fcb87aae,lan019-ucsd,2025-10-09,16:57:17,-07:00,2025-10-09T16:57:17-07:00,0,17
style.css,127,css,fcb87aae,lan019-ucsd,2025-10-09,16:57:17,-07:00,2025-10-09T16:57:17-07:00,1,12
style.css,128,css,fcb87aae,lan019-ucsd,2025-10-09,16:57:17,-07:00,2025-10-09T16:57:17-07:00,1,26
style.css,129,css,e5f547d3,lan019-ucsd,2025-10-23,16:18:35,-07:00,2025-10-23T16:18:35-07:00,1,9
style.css,130,css,e5f547d3,lan019-ucsd,2025-10-23,16:18:35,-07:00,2025-10-23T16:18:35-07:00,1,15
style.css,131,css,e5f547d3,lan019-ucsd,2025-10-23,16:18:35,-07:00,2025-10-23T16:18:35-07:00,1,36
style.css,132,css,fcb87aae,lan019-ucsd,2025-10-09,16:57:17,-07:00,2025-10-09T16:57:17-07:00,0,0
style.css,133,css,fcb87aae,lan019-ucsd,2025-10-09,16:57:17,-07:00,2025-10-09T16:57:17-07:00,0,0
style.css,134,css,fcb87aae,lan019-ucsd,2025-10-09,16:57:17,-07:00,2025-10-09T16:57:17-07:00,0,20
style.css,135,css,fcb87aae,lan019-ucsd,2025-10-09,16:57:17,-07:00,2025-10-09T16:57:17-07:00,1,8
style.css,136,css,fcb87aae,lan019-ucsd,2025-10-09,16:57:17,-07:00,2025-10-09T16:57:17-07:00,0,0
style.css,137,css,fcb87aae,lan019-ucsd,2025-10-09,16:57:17,-07:00,2025-10-09T16:57:17-07:00,0,0
style.css,138,css,fcb87aae,lan019-ucsd,2025-10-09,16:57:17,-07:00,2025-10-09T16:57:17-07:00,0,21
style.css,139,css,fcb87aae,lan019-ucsd,2025-10-09,16:57:17,-07:00,2025-10-09T16:57:17-07:00,1,10
style.css,140,css,fcb87aae,lan019-ucsd,2025-10-09,16:57:17,-07:00,2025-10-09T16:57:17-07:00,1,11
style.css,141,css,fcb87aae,lan019-ucsd,2025-10-09,16:57:17,-07:00,2025-10-09T16:57:17-07:00,1,13
style.css,142,css,fcb87aae,lan019-ucsd,2025-10-09,16:57:17,-07:00,2025-10-09T16:57:17-07:00,0,0
style.css,143,css,fcb87aae,lan019-ucsd,2025-10-09,16:57:17,-07:00,2025-10-09T16:57:17-07:00,0,0
style.css,144,css,c96f51ba,lan019-ucsd,2025-10-31,16:33:39,-07:00,2025-10-31T16:33:39-07:00,0,10
style.css,145,css,900ddc9d,lan019-ucsd,2025-10-31,10:51:23,-07:00,2025-10-31T10:51:23-07:00,1,12
style.css,146,css,c96f51ba,lan019-ucsd,2025-10-31,16:33:39,-07:00,2025-10-31T16:33:39-07:00,1,18
style.css,147,css,c96f51ba,lan019-ucsd,2025-10-31,16:33:39,-07:00,2025-10-31T16:33:39-07:00,1,21
style.css,148,css,c96f51ba,lan019-ucsd,2025-10-31,16:33:39,-07:00,2025-10-31T16:33:39-07:00,1,8
style.css,149,css,c96f51ba,lan019-ucsd,2025-10-31,16:33:39,-07:00,2025-10-31T16:33:39-07:00,1,15
style.css,150,css,c96f51ba,lan019-ucsd,2025-10-31,16:33:39,-07:00,2025-10-31T16:33:39-07:00,1,16
style.css,151,css,900ddc9d,lan019-ucsd,2025-10-31,10:51:23,-07:00,2025-10-31T10:51:23-07:00,0,0
style.css,152,css,900ddc9d,lan019-ucsd,2025-10-31,10:51:23,-07:00,2025-10-31T10:51:23-07:00,0,0
style.css,153,css,c96f51ba,lan019-ucsd,2025-10-31,16:33:39,-07:00,2025-10-31T16:33:39-07:00,0,14
style.css,154,css,c96f51ba,lan019-ucsd,2025-10-31,16:33:39,-07:00,2025-10-31T16:33:39-07:00,1,14
style.css,155,css,c96f51ba,lan019-ucsd,2025-10-31,16:33:39,-07:00,2025-10-31T16:33:39-07:00,1,12
style.css,156,css,11a7a01f,lan019-ucsd,2025-10-30,17:18:13,-07:00,2025-10-30T17:18:13-07:00,0,0
style.css,157,css,11a7a01f,lan019-ucsd,2025-10-30,17:18:13,-07:00,2025-10-30T17:18:13-07:00,0,0
style.css,158,css,11a7a01f,lan019-ucsd,2025-10-30,17:18:13,-07:00,2025-10-30T17:18:13-07:00,0,7
style.css,159,css,c96f51ba,lan019-ucsd,2025-10-31,16:33:39,-07:00,2025-10-31T16:33:39-07:00,1,6
style.css,160,css,11a7a01f,lan019-ucsd,2025-10-30,17:18:13,-07:00,2025-10-30T17:18:13-07:00,1,12
style.css,161,css,11a7a01f,lan019-ucsd,2025-10-30,17:18:13,-07:00,2025-10-30T17:18:13-07:00,1,14
style.css,162,css,c96f51ba,lan019-ucsd,2025-10-31,16:33:39,-07:00,2025-10-31T16:33:39-07:00,1,18
style.css,163,css,c96f51ba,lan019-ucsd,2025-10-31,16:33:39,-07:00,2025-10-31T16:33:39-07:00,1,21
style.css,164,css,c96f51ba,lan019-ucsd,2025-10-31,16:33:39,-07:00,2025-10-31T16:33:39-07:00,1,17
style.css,165,css,c96f51ba,lan019-ucsd,2025-10-31,16:33:39,-07:00,2025-10-31T16:33:39-07:00,1,15
style.css,166,css,11a7a01f,lan019-ucsd,2025-10-30,17:18:13,-07:00,2025-10-30T17:18:13-07:00,1,15
style.css,167,css,c96f51ba,lan019-ucsd,2025-10-31,16:33:39,-07:00,2025-10-31T16:33:39-07:00,1,12
style.css,168,css,c96f51ba,lan019-ucsd,2025-10-31,16:33:39,-07:00,2025-10-31T16:33:39-07:00,1,9
style.css,169,css,c96f51ba,lan019-ucsd,2025-10-31,16:33:39,-07:00,2025-10-31T16:33:39-07:00,1,39
style.css,170,css,11a7a01f,lan019-ucsd,2025-10-30,17:18:13,-07:00,2025-10-30T17:18:13-07:00,0,0
style.css,171,css,11a7a01f,lan019-ucsd,2025-10-30,17:18:13,-07:00,2025-10-30T17:18:13-07:00,0,0
style.css,172,css,11a7a01f,lan019-ucsd,2025-10-30,17:18:13,-07:00,2025-10-30T17:18:13-07:00,0,10
style.css,173,css,11a7a01f,lan019-ucsd,2025-10-30,17:18:13,-07:00,2025-10-30T17:18:13-07:00,1,12
style.css,174,css,11a7a01f,lan019-ucsd,2025-10-30,17:18:13,-07:00,2025-10-30T17:18:13-07:00,1,18
style.css,175,css,11a7a01f,lan019-ucsd,2025-10-30,17:18:13,-07:00,2025-10-30T17:18:13-07:00,1,9
style.css,176,css,c96f51ba,lan019-ucsd,2025-10-31,16:33:39,-07:00,2025-10-31T16:33:39-07:00,1,16
style.css,177,css,11a7a01f,lan019-ucsd,2025-10-30,17:18:13,-07:00,2025-10-30T17:18:13-07:00,0,0
style.css,178,css,11a7a01f,lan019-ucsd,2025-10-30,17:18:13,-07:00,2025-10-30T17:18:13-07:00,0,0
style.css,179,css,11a7a01f,lan019-ucsd,2025-10-30,17:18:13,-07:00,2025-10-30T17:18:13-07:00,0,15
style.css,180,css,11a7a01f,lan019-ucsd,2025-10-30,17:18:13,-07:00,2025-10-30T17:18:13-07:00,1,9
style.css,181,css,11a7a01f,lan019-ucsd,2025-10-30,17:18:13,-07:00,2025-10-30T17:18:13-07:00,1,10
style.css,182,css,11a7a01f,lan019-ucsd,2025-10-30,17:18:13,-07:00,2025-10-30T17:18:13-07:00,1,29
style.css,183,css,11a7a01f,lan019-ucsd,2025-10-30,17:18:13,-07:00,2025-10-30T17:18:13-07:00,1,19
style.css,184,css,c96f51ba,lan019-ucsd,2025-10-31,16:33:39,-07:00,2025-10-31T16:33:39-07:00,1,19
style.css,185,css,11a7a01f,lan019-ucsd,2025-10-30,17:18:13,-07:00,2025-10-30T17:18:13-07:00,0,0
style.css,186,css,11a7a01f,lan019-ucsd,2025-10-30,17:18:13,-07:00,2025-10-30T17:18:13-07:00,0,0
style.css,187,css,c96f51ba,lan019-ucsd,2025-10-31,16:33:39,-07:00,2025-10-31T16:33:39-07:00,0,38
style.css,188,css,c96f51ba,lan019-ucsd,2025-10-31,16:33:39,-07:00,2025-10-31T16:33:39-07:00,1,11
style.css,189,css,c96f51ba,lan019-ucsd,2025-10-31,16:33:39,-07:00,2025-10-31T16:33:39-07:00,0,0
style.css,190,css,c96f51ba,lan019-ucsd,2025-10-31,16:33:39,-07:00,2025-10-31T16:33:39-07:00,0,0
style.css,191,css,c96f51ba,lan019-ucsd,2025-10-31,16:33:39,-07:00,2025-10-31T16:33:39-07:00,0,4
style.css,192,css,c96f51ba,lan019-ucsd,2025-10-31,16:33:39,-07:00,2025-10-31T16:33:39-07:00,1,16
style.css,193,css,c96f51ba,lan019-ucsd,2025-10-31,16:33:39,-07:00,2025-10-31T16:33:39-07:00,1,14
style.css,194,css,c96f51ba,lan019-ucsd,2025-10-31,16:33:39,-07:00,2025-10-31T16:33:39-07:00,0,0
style.css,195,css,c96f51ba,lan019-ucsd,2025-10-31,16:33:39,-07:00,2025-10-31T16:33:39-07:00,0,0
style.css,196,css,c96f51ba,lan019-ucsd,2025-10-31,16:33:39,-07:00,2025-10-31T16:33:39-07:00,0,9
style.css,197,css,c96f51ba,lan019-ucsd,2025-10-31,16:33:39,-07:00,2025-10-31T16:33:39-07:00,1,23
style.css,198,css,c96f51ba,lan019-ucsd,2025-10-31,16:33:39,-07:00,2025-10-31T16:33:39-07:00,0,0
style.css,199,css,c96f51ba,lan019-ucsd,2025-10-31,16:33:39,-07:00,2025-10-31T16:33:39-07:00,0,0
style.css,200,css,c96f51ba,lan019-ucsd,2025-10-31,16:33:39,-07:00,2025-10-31T16:33:39-07:00,0,18
style.css,201,css,c96f51ba,lan019-ucsd,2025-10-31,16:33:39,-07:00,2025-10-31T16:33:39-07:00,1,17
style.css,202,css,c96f51ba,lan019-ucsd,2025-10-31,16:33:39,-07:00,2025-10-31T16:33:39-07:00,0,0
style.css,203,css,c96f51ba,lan019-ucsd,2025-10-31,16:33:39,-07:00,2025-10-31T16:33:39-07:00,0,0
style.css,204,css,c96f51ba,lan019-ucsd,2025-10-31,16:33:39,-07:00,2025-10-31T16:33:39-07:00,0,16
style.css,205,css,c96f51ba,lan019-ucsd,2025-10-31,16:33:39,-07:00,2025-10-31T16:33:39-07:00,1,16
style.css,206,css,c96f51ba,lan019-ucsd,2025-10-31,16:33:39,-07:00,2025-10-31T16:33:39-07:00,1,18
style.css,207,css,900ddc9d,lan019-ucsd,2025-10-31,10:51:23,-07:00,2025-10-31T10:51:23-07:00,0,0
style.css,208,css,900ddc9d,lan019-ucsd,2025-10-31,10:51:23,-07:00,2025-10-31T10:51:23-07:00,0,0
style.css,209,css,938cc0ce,lan019-ucsd,2025-10-10,12:40:56,-07:00,2025-10-10T12:40:56-07:00,0,6
style.css,210,css,938cc0ce,lan019-ucsd,2025-10-10,12:40:56,-07:00,2025-10-10T12:40:56-07:00,0,0
style.css,211,css,938cc0ce,lan019-ucsd,2025-10-10,12:40:56,-07:00,2025-10-10T12:40:56-07:00,0,8
style.css,212,css,938cc0ce,lan019-ucsd,2025-10-10,12:40:56,-07:00,2025-10-10T12:40:56-07:00,1,15
style.css,213,css,938cc0ce,lan019-ucsd,2025-10-10,12:40:56,-07:00,2025-10-10T12:40:56-07:00,1,11
style.css,214,css,938cc0ce,lan019-ucsd,2025-10-10,12:40:56,-07:00,2025-10-10T12:40:56-07:00,1,11
style.css,215,css,938cc0ce,lan019-ucsd,2025-10-10,12:40:56,-07:00,2025-10-10T12:40:56-07:00,1,33
style.css,216,css,fcb87aae,lan019-ucsd,2025-10-09,16:57:17,-07:00,2025-10-09T16:57:17-07:00,0,0
style.css,217,css,fcb87aae,lan019-ucsd,2025-10-09,16:57:17,-07:00,2025-10-09T16:57:17-07:00,0,0
style.css,218,css,938cc0ce,lan019-ucsd,2025-10-10,12:40:56,-07:00,2025-10-10T12:40:56-07:00,0,13
style.css,219,css,938cc0ce,lan019-ucsd,2025-10-10,12:40:56,-07:00,2025-10-10T12:40:56-07:00,1,11
style.css,220,css,76345e27,lan019-ucsd,2025-10-10,12:57:10,-07:00,2025-10-10T12:57:10-07:00,1,37
style.css,221,css,938cc0ce,lan019-ucsd,2025-10-10,12:40:56,-07:00,2025-10-10T12:40:56-07:00,1,20
style.css,222,css,938cc0ce,lan019-ucsd,2025-10-10,12:40:56,-07:00,2025-10-10T12:40:56-07:00,1,9
style.css,223,css,bf0dc590,lan019-ucsd,2025-10-10,11:41:13,-07:00,2025-10-10T11:41:13-07:00,0,0
style.css,224,css,bf0dc590,lan019-ucsd,2025-10-10,11:41:13,-07:00,2025-10-10T11:41:13-07:00,0,0
style.css,225,css,938cc0ce,lan019-ucsd,2025-10-10,12:40:56,-07:00,2025-10-10T12:40:56-07:00,0,13
style.css,226,css,938cc0ce,lan019-ucsd,2025-10-10,12:40:56,-07:00,2025-10-10T12:40:56-07:00,1,12
style.css,227,css,938cc0ce,lan019-ucsd,2025-10-10,12:40:56,-07:00,2025-10-10T12:40:56-07:00,1,7
style.css,228,css,938cc0ce,lan019-ucsd,2025-10-10,12:40:56,-07:00,2025-10-10T12:40:56-07:00,1,16
style.css,229,css,938cc0ce,lan019-ucsd,2025-10-10,12:40:56,-07:00,2025-10-10T12:40:56-07:00,1,19
style.css,230,css,697e136f,lan019-ucsd,2025-10-16,16:10:03,-07:00,2025-10-16T16:10:03-07:00,1,24
style.css,231,css,938cc0ce,lan019-ucsd,2025-10-10,12:40:56,-07:00,2025-10-10T12:40:56-07:00,1,14
style.css,232,css,bf0dc590,lan019-ucsd,2025-10-10,11:41:13,-07:00,2025-10-10T11:41:13-07:00,0,0
style.css,233,css,bf0dc590,lan019-ucsd,2025-10-10,11:41:13,-07:00,2025-10-10T11:41:13-07:00,0,0
style.css,234,css,76345e27,lan019-ucsd,2025-10-10,12:57:10,-07:00,2025-10-10T12:57:10-07:00,0,19
style.css,235,css,76345e27,lan019-ucsd,2025-10-10,12:57:10,-07:00,2025-10-10T12:57:10-07:00,1,22
style.css,236,css,76345e27,lan019-ucsd,2025-10-10,12:57:10,-07:00,2025-10-10T12:57:10-07:00,1,18
style.css,237,css,76345e27,lan019-ucsd,2025-10-10,12:57:10,-07:00,2025-10-10T12:57:10-07:00,1,15
style.css,238,css,bf0dc590,lan019-ucsd,2025-10-10,11:41:13,-07:00,2025-10-10T11:41:13-07:00,0,0
style.css,239,css,bf0dc590,lan019-ucsd,2025-10-10,11:41:13,-07:00,2025-10-10T11:41:13-07:00,0,0
style.css,240,css,938cc0ce,lan019-ucsd,2025-10-10,12:40:56,-07:00,2025-10-10T12:40:56-07:00,0,2
style.css,241,css,bf0dc590,lan019-ucsd,2025-10-10,11:41:13,-07:00,2025-10-10T11:41:13-07:00,1,17
style.css,242,css,938cc0ce,lan019-ucsd,2025-10-10,12:40:56,-07:00,2025-10-10T12:40:56-07:00,1,38
style.css,243,css,bf0dc590,lan019-ucsd,2025-10-10,11:41:13,-07:00,2025-10-10T11:41:13-07:00,1,21
style.css,244,css,938cc0ce,lan019-ucsd,2025-10-10,12:40:56,-07:00,2025-10-10T12:40:56-07:00,1,14
style.css,245,css,6758cf2b,lan019-ucsd,2025-10-10,15:05:10,-07:00,2025-10-10T15:05:10-07:00,1,22
style.css,246,css,bf0dc590,lan019-ucsd,2025-10-10,11:41:13,-07:00,2025-10-10T11:41:13-07:00,0,0
style.css,247,css,bf0dc590,lan019-ucsd,2025-10-10,11:41:13,-07:00,2025-10-10T11:41:13-07:00,0,0
style.css,248,css,938cc0ce,lan019-ucsd,2025-10-10,12:40:56,-07:00,2025-10-10T12:40:56-07:00,0,9
style.css,249,css,938cc0ce,lan019-ucsd,2025-10-10,12:40:56,-07:00,2025-10-10T12:40:56-07:00,1,12
style.css,250,css,938cc0ce,lan019-ucsd,2025-10-10,12:40:56,-07:00,2025-10-10T12:40:56-07:00,1,31
style.css,251,css,938cc0ce,lan019-ucsd,2025-10-10,12:40:56,-07:00,2025-10-10T12:40:56-07:00,1,7
style.css,252,css,938cc0ce,lan019-ucsd,2025-10-10,12:40:56,-07:00,2025-10-10T12:40:56-07:00,1,12
style.css,253,css,bf0dc590,lan019-ucsd,2025-10-10,11:41:13,-07:00,2025-10-10T11:41:13-07:00,0,0
style.css,254,css,bf0dc590,lan019-ucsd,2025-10-10,11:41:13,-07:00,2025-10-10T11:41:13-07:00,0,0
style.css,255,css,938cc0ce,lan019-ucsd,2025-10-10,12:40:56,-07:00,2025-10-10T12:40:56-07:00,0,14
style.css,256,css,938cc0ce,lan019-ucsd,2025-10-10,12:40:56,-07:00,2025-10-10T12:40:56-07:00,1,17
style.css,257,css,6758cf2b,lan019-ucsd,2025-10-10,15:05:10,-07:00,2025-10-10T15:05:10-07:00,1,20
style.css,258,css,bf0dc590,lan019-ucsd,2025-10-10,11:41:13,-07:00,2025-10-10T11:41:13-07:00,0,0
style.css,259,css,bf0dc590,lan019-ucsd,2025-10-10,11:41:13,-07:00,2025-10-10T11:41:13-07:00,0,0
style.css,260,css,938cc0ce,lan019-ucsd,2025-10-10,12:40:56,-07:00,2025-10-10T12:40:56-07:00,0,24
style.css,261,css,938cc0ce,lan019-ucsd,2025-10-10,12:40:56,-07:00,2025-10-10T12:40:56-07:00,1,8
style.css,262,css,938cc0ce,lan019-ucsd,2025-10-10,12:40:56,-07:00,2025-10-10T12:40:56-07:00,1,16
style.css,263,css,938cc0ce,lan019-ucsd,2025-10-10,12:40:56,-07:00,2025-10-10T12:40:56-07:00,1,19
style.css,264,css,bf0dc590,lan019-ucsd,2025-10-10,11:41:13,-07:00,2025-10-10T11:41:13-07:00,0,0
style.css,265,css,bf0dc590,lan019-ucsd,2025-10-10,11:41:13,-07:00,2025-10-10T11:41:13-07:00,0,0
style.css,266,css,938cc0ce,lan019-ucsd,2025-10-10,12:40:56,-07:00,2025-10-10T12:40:56-07:00,0,24
style.css,267,css,938cc0ce,lan019-ucsd,2025-10-10,12:40:56,-07:00,2025-10-10T12:40:56-07:00,1,19
style.css,268,css,938cc0ce,lan019-ucsd,2025-10-10,12:40:56,-07:00,2025-10-10T12:40:56-07:00,1,16
style.css,269,css,938cc0ce,lan019-ucsd,2025-10-10,12:40:56,-07:00,2025-10-10T12:40:56-07:00,0,0
style.css,270,css,938cc0ce,lan019-ucsd,2025-10-10,12:40:56,-07:00,2025-10-10T12:40:56-07:00,0,0
style.css,271,css,938cc0ce,lan019-ucsd,2025-10-10,12:40:56,-07:00,2025-10-10T12:40:56-07:00,0,5
style.css,272,css,938cc0ce,lan019-ucsd,2025-10-10,12:40:56,-07:00,2025-10-10T12:40:56-07:00,1,20
style.css,273,css,bf0dc590,lan019-ucsd,2025-10-10,11:41:13,-07:00,2025-10-10T11:41:13-07:00,0,0
style.css,274,css,bf0dc590,lan019-ucsd,2025-10-10,11:41:13,-07:00,2025-10-10T11:41:13-07:00,0,0
style.css,275,css,76345e27,lan019-ucsd,2025-10-10,12:57:10,-07:00,2025-10-10T12:57:10-07:00,0,16
style.css,276,css,76345e27,lan019-ucsd,2025-10-10,12:57:10,-07:00,2025-10-10T12:57:10-07:00,0,0
style.css,277,css,76345e27,lan019-ucsd,2025-10-10,12:57:10,-07:00,2025-10-10T12:57:10-07:00,0,4
style.css,278,css,76345e27,lan019-ucsd,2025-10-10,12:57:10,-07:00,2025-10-10T12:57:10-07:00,0,7
style.css,279,css,76345e27,lan019-ucsd,2025-10-10,12:57:10,-07:00,2025-10-10T12:57:10-07:00,0,6
style.css,280,css,76345e27,lan019-ucsd,2025-10-10,12:57:10,-07:00,2025-10-10T12:57:10-07:00,1,12
style.css,281,css,76345e27,lan019-ucsd,2025-10-10,12:57:10,-07:00,2025-10-10T12:57:10-07:00,0,0
style.css,282,css,76345e27,lan019-ucsd,2025-10-10,12:57:10,-07:00,2025-10-10T12:57:10-07:00,0,0
style.css,283,css,76345e27,lan019-ucsd,2025-10-10,12:57:10,-07:00,2025-10-10T12:57:10-07:00,0,4
style.css,284,css,bf0dc590,lan019-ucsd,2025-10-10,11:41:13,-07:00,2025-10-10T11:41:13-07:00,1,12
style.css,285,css,76345e27,lan019-ucsd,2025-10-10,12:57:10,-07:00,2025-10-10T12:57:10-07:00,1,30
style.css,286,css,76345e27,lan019-ucsd,2025-10-10,12:57:10,-07:00,2025-10-10T12:57:10-07:00,1,11
style.css,287,css,76345e27,lan019-ucsd,2025-10-10,12:57:10,-07:00,2025-10-10T12:57:10-07:00,1,14
style.css,288,css,bf0dc590,lan019-ucsd,2025-10-10,11:41:13,-07:00,2025-10-10T11:41:13-07:00,0,0
style.css,289,css,bf0dc590,lan019-ucsd,2025-10-10,11:41:13,-07:00,2025-10-10T11:41:13-07:00,0,0
style.css,290,css,fa9cac86,lan019-ucsd,2025-10-16,16:06:07,-07:00,2025-10-16T16:06:07-07:00,0,10
style.css,291,css,76345e27,lan019-ucsd,2025-10-10,12:57:10,-07:00,2025-10-10T12:57:10-07:00,1,16
style.css,292,css,76345e27,lan019-ucsd,2025-10-10,12:57:10,-07:00,2025-10-10T12:57:10-07:00,1,29
style.css,293,css,76345e27,lan019-ucsd,2025-10-10,12:57:10,-07:00,2025-10-10T12:57:10-07:00,1,18
style.css,294,css,76345e27,lan019-ucsd,2025-10-10,12:57:10,-07:00,2025-10-10T12:57:10-07:00,0,0
style.css,295,css,76345e27,lan019-ucsd,2025-10-10,12:57:10,-07:00,2025-10-10T12:57:10-07:00,0,0
style.css,296,css,76345e27,lan019-ucsd,2025-10-10,12:57:10,-07:00,2025-10-10T12:57:10-07:00,0,6
style.css,297,css,76345e27,lan019-ucsd,2025-10-10,12:57:10,-07:00,2025-10-10T12:57:10-07:00,1,14
style.css,298,css,76345e27,lan019-ucsd,2025-10-10,12:57:10,-07:00,2025-10-10T12:57:10-07:00,0,0
style.css,299,css,76345e27,lan019-ucsd,2025-10-10,12:57:10,-07:00,2025-10-10T12:57:10-07:00,0,0
style.css,300,css,76345e27,lan019-ucsd,2025-10-10,12:57:10,-07:00,2025-10-10T12:57:10-07:00,0,4
style.css,301,css,76345e27,lan019-ucsd,2025-10-10,12:57:10,-07:00,2025-10-10T12:57:10-07:00,0,8
style.css,302,css,76345e27,lan019-ucsd,2025-10-10,12:57:10,-07:00,2025-10-10T12:57:10-07:00,1,10
style.css,303,css,76345e27,lan019-ucsd,2025-10-10,12:57:10,-07:00,2025-10-10T12:57:10-07:00,1,21
style.css,304,css,76345e27,lan019-ucsd,2025-10-10,12:57:10,-07:00,2025-10-10T12:57:10-07:00,1,13
style.css,305,css,76345e27,lan019-ucsd,2025-10-10,12:57:10,-07:00,2025-10-10T12:57:10-07:00,0,0
style.css,306,css,76345e27,lan019-ucsd,2025-10-10,12:57:10,-07:00,2025-10-10T12:57:10-07:00,0,0
style.css,307,css,76345e27,lan019-ucsd,2025-10-10,12:57:10,-07:00,2025-10-10T12:57:10-07:00,0,6
style.css,308,css,76345e27,lan019-ucsd,2025-10-10,12:57:10,-07:00,2025-10-10T12:57:10-07:00,1,18
style.css,309,css,76345e27,lan019-ucsd,2025-10-10,12:57:10,-07:00,2025-10-10T12:57:10-07:00,1,14
style.css,310,css,76345e27,lan019-ucsd,2025-10-10,12:57:10,-07:00,2025-10-10T12:57:10-07:00,1,11
style.css,311,css,76345e27,lan019-ucsd,2025-10-10,12:57:10,-07:00,2025-10-10T12:57:10-07:00,1,46
style.css,312,css,76345e27,lan019-ucsd,2025-10-10,12:57:10,-07:00,2025-10-10T12:57:10-07:00,1,11
style.css,313,css,76345e27,lan019-ucsd,2025-10-10,12:57:10,-07:00,2025-10-10T12:57:10-07:00,1,16
style.css,314,css,76345e27,lan019-ucsd,2025-10-10,12:57:10,-07:00,2025-10-10T12:57:10-07:00,1,19
style.css,315,css,76345e27,lan019-ucsd,2025-10-10,12:57:10,-07:00,2025-10-10T12:57:10-07:00,1,14
style.css,316,css,76345e27,lan019-ucsd,2025-10-10,12:57:10,-07:00,2025-10-10T12:57:10-07:00,0,0
style.css,317,css,76345e27,lan019-ucsd,2025-10-10,12:57:10,-07:00,2025-10-10T12:57:10-07:00,0,0
style.css,318,css,76345e27,lan019-ucsd,2025-10-10,12:57:10,-07:00,2025-10-10T12:57:10-07:00,0,12
style.css,319,css,76345e27,lan019-ucsd,2025-10-10,12:57:10,-07:00,2025-10-10T12:57:10-07:00,1,68
style.css,320,css,76345e27,lan019-ucsd,2025-10-10,12:57:10,-07:00,2025-10-10T12:57:10-07:00,0,0
style.css,321,css,76345e27,lan019-ucsd,2025-10-10,12:57:10,-07:00,2025-10-10T12:57:10-07:00,0,0
style.css,322,css,3e607981,lan019-ucsd,2025-10-23,12:47:12,-07:00,2025-10-23T12:47:12-07:00,0,10
style.css,323,css,76345e27,lan019-ucsd,2025-10-10,12:57:10,-07:00,2025-10-10T12:57:10-07:00,0,0
style.css,324,css,3e607981,lan019-ucsd,2025-10-23,12:47:12,-07:00,2025-10-23T12:47:12-07:00,0,17
style.css,325,css,3e607981,lan019-ucsd,2025-10-23,12:47:12,-07:00,2025-10-23T12:47:12-07:00,1,12
style.css,326,css,3e607981,lan019-ucsd,2025-10-23,12:47:12,-07:00,2025-10-23T12:47:12-07:00,1,36
style.css,327,css,3e607981,lan019-ucsd,2025-10-23,12:47:12,-07:00,2025-10-23T12:47:12-07:00,1,19
style.css,328,css,3e607981,lan019-ucsd,2025-10-23,12:47:12,-07:00,2025-10-23T12:47:12-07:00,1,15
style.css,329,css,3e607981,lan019-ucsd,2025-10-23,12:47:12,-07:00,2025-10-23T12:47:12-07:00,0,0
style.css,330,css,3e607981,lan019-ucsd,2025-10-23,12:47:12,-07:00,2025-10-23T12:47:12-07:00,0,0
style.css,331,css,3e607981,lan019-ucsd,2025-10-23,12:47:12,-07:00,2025-10-23T12:47:12-07:00,0,17
style.css,332,css,3e607981,lan019-ucsd,2025-10-23,12:47:12,-07:00,2025-10-23T12:47:12-07:00,1,10
style.css,333,css,3e607981,lan019-ucsd,2025-10-23,12:47:12,-07:00,2025-10-23T12:47:12-07:00,1,16
style.css,334,css,3e607981,lan019-ucsd,2025-10-23,12:47:12,-07:00,2025-10-23T12:47:12-07:00,0,0
style.css,335,css,3e607981,lan019-ucsd,2025-10-23,12:47:12,-07:00,2025-10-23T12:47:12-07:00,0,0
style.css,336,css,3e607981,lan019-ucsd,2025-10-23,12:47:12,-07:00,2025-10-23T12:47:12-07:00,0,17
style.css,337,css,3e607981,lan019-ucsd,2025-10-23,12:47:12,-07:00,2025-10-23T12:47:12-07:00,1,10
style.css,338,css,3e607981,lan019-ucsd,2025-10-23,12:47:12,-07:00,2025-10-23T12:47:12-07:00,1,7
style.css,339,css,3e607981,lan019-ucsd,2025-10-23,12:47:12,-07:00,2025-10-23T12:47:12-07:00,0,0
style.css,340,css,72f2d82c,lan019-ucsd,2025-10-30,14:49:07,-07:00,2025-10-30T14:49:07-07:00,0,0
style.css,341,css,72f2d82c,lan019-ucsd,2025-10-30,14:49:07,-07:00,2025-10-30T14:49:07-07:00,0,0
index.js,1,js,17cd11e3,lan019-ucsd,2025-10-24,21:51:47,-07:00,2025-10-24T21:51:47-07:00,0,71
index.js,2,js,c8f3dc19,lan019-ucsd,2025-10-23,12:16:56,-07:00,2025-10-23T12:16:56-07:00,0,0
index.js,3,js,17cd11e3,lan019-ucsd,2025-10-24,21:51:47,-07:00,2025-10-24T21:51:47-07:00,0,12
index.js,4,js,17cd11e3,lan019-ucsd,2025-10-24,21:51:47,-07:00,2025-10-24T21:51:47-07:00,1,39
index.js,5,js,17cd11e3,lan019-ucsd,2025-10-24,21:51:47,-07:00,2025-10-24T21:51:47-07:00,1,54
index.js,6,js,17cd11e3,lan019-ucsd,2025-10-24,21:51:47,-07:00,2025-10-24T21:51:47-07:00,1,60
index.js,7,js,17cd11e3,lan019-ucsd,2025-10-24,21:51:47,-07:00,2025-10-24T21:51:47-07:00,1,60
index.js,8,js,c8f3dc19,lan019-ucsd,2025-10-23,12:16:56,-07:00,2025-10-23T12:16:56-07:00,0,0
index.js,9,js,17cd11e3,lan019-ucsd,2025-10-24,21:51:47,-07:00,2025-10-24T21:51:47-07:00,1,61
index.js,10,js,17cd11e3,lan019-ucsd,2025-10-24,21:51:47,-07:00,2025-10-24T21:51:47-07:00,1,17
index.js,11,js,17cd11e3,lan019-ucsd,2025-10-24,21:51:47,-07:00,2025-10-24T21:51:47-07:00,2,50
index.js,12,js,17cd11e3,lan019-ucsd,2025-10-24,21:51:47,-07:00,2025-10-24T21:51:47-07:00,1,0
index.js,13,js,0b824fa1,lan019-ucsd,2025-10-23,12:27:51,-07:00,2025-10-23T12:27:51-07:00,0,0
index.js,14,js,17cd11e3,lan019-ucsd,2025-10-24,21:51:47,-07:00,2025-10-24T21:51:47-07:00,1,38
index.js,15,js,17cd11e3,lan019-ucsd,2025-10-24,21:51:47,-07:00,2025-10-24T21:51:47-07:00,1,60
index.js,16,js,17cd11e3,lan019-ucsd,2025-10-24,21:51:47,-07:00,2025-10-24T21:51:47-07:00,1,17
index.js,17,js,17cd11e3,lan019-ucsd,2025-10-24,21:51:47,-07:00,2025-10-24T21:51:47-07:00,2,3
index.js,18,js,17cd11e3,lan019-ucsd,2025-10-24,21:51:47,-07:00,2025-10-24T21:51:47-07:00,3,74
index.js,19,js,17cd11e3,lan019-ucsd,2025-10-24,21:51:47,-07:00,2025-10-24T21:51:47-07:00,3,24
index.js,20,js,17cd11e3,lan019-ucsd,2025-10-24,21:51:47,-07:00,2025-10-24T21:51:47-07:00,4,2
index.js,21,js,17cd11e3,lan019-ucsd,2025-10-24,21:51:47,-07:00,2025-10-24T21:51:47-07:00,5,55
index.js,22,js,17cd11e3,lan019-ucsd,2025-10-24,21:51:47,-07:00,2025-10-24T21:51:47-07:00,5,55
index.js,23,js,17cd11e3,lan019-ucsd,2025-10-24,21:51:47,-07:00,2025-10-24T21:51:47-07:00,5,49
index.js,24,js,17cd11e3,lan019-ucsd,2025-10-24,21:51:47,-07:00,2025-10-24T21:51:47-07:00,5,49
index.js,25,js,17cd11e3,lan019-ucsd,2025-10-24,21:51:47,-07:00,2025-10-24T21:51:47-07:00,4,3
index.js,26,js,17cd11e3,lan019-ucsd,2025-10-24,21:51:47,-07:00,2025-10-24T21:51:47-07:00,3,0
index.js,27,js,17cd11e3,lan019-ucsd,2025-10-24,21:51:47,-07:00,2025-10-24T21:51:47-07:00,2,15
index.js,28,js,17cd11e3,lan019-ucsd,2025-10-24,21:51:47,-07:00,2025-10-24T21:51:47-07:00,3,50
index.js,29,js,17cd11e3,lan019-ucsd,2025-10-24,21:51:47,-07:00,2025-10-24T21:51:47-07:00,3,55
index.js,30,js,0b824fa1,lan019-ucsd,2025-10-23,12:27:51,-07:00,2025-10-23T12:27:51-07:00,2,0
index.js,31,js,17cd11e3,lan019-ucsd,2025-10-24,21:51:47,-07:00,2025-10-24T21:51:47-07:00,1,0
index.js,32,js,0b824fa1,lan019-ucsd,2025-10-23,12:27:51,-07:00,2025-10-23T12:27:51-07:00,0,3
index.html,1,html,3a7976d5,lan019-ucsd,2025-10-02,11:00:32,-07:00,2025-10-02T11:00:32-07:00,0,13
index.html,2,html,3a7976d5,lan019-ucsd,2025-10-02,11:00:32,-07:00,2025-10-02T11:00:32-07:00,0,14
index.html,3,html,3a7976d5,lan019-ucsd,2025-10-02,11:00:32,-07:00,2025-10-02T11:00:32-07:00,0,4
index.html,4,html,3a7976d5,lan019-ucsd,2025-10-02,11:00:32,-07:00,2025-10-02T11:00:32-07:00,2,20
index.html,5,html,3a7976d5,lan019-ucsd,2025-10-02,11:00:32,-07:00,2025-10-02T11:00:32-07:00,2,68
index.html,6,html,c8f3dc19,lan019-ucsd,2025-10-23,12:16:56,-07:00,2025-10-23T12:16:56-07:00,2,49
index.html,7,html,fa9cac86,lan019-ucsd,2025-10-16,16:06:07,-07:00,2025-10-16T16:06:07-07:00,2,38
index.html,8,html,fa9cac86,lan019-ucsd,2025-10-16,16:06:07,-07:00,2025-10-16T16:06:07-07:00,0,5
index.html,9,html,fa9cac86,lan019-ucsd,2025-10-16,16:06:07,-07:00,2025-10-16T16:06:07-07:00,0,4
index.html,10,html,fa9cac86,lan019-ucsd,2025-10-16,16:06:07,-07:00,2025-10-16T16:06:07-07:00,2,24
index.html,11,html,34936fcc,lan019-ucsd,2025-10-16,14:14:30,-07:00,2025-10-16T14:14:30-07:00,4,16
index.html,12,html,34936fcc,lan019-ucsd,2025-10-16,14:14:30,-07:00,2025-10-16T14:14:30-07:00,4,64
index.html,13,html,fa9cac86,lan019-ucsd,2025-10-16,16:06:07,-07:00,2025-10-16T16:06:07-07:00,4,41
index.html,14,html,eb27959b,lan019-ucsd,2025-10-02,13:43:37,-07:00,2025-10-02T13:43:37-07:00,0,0
index.html,15,html,fa9cac86,lan019-ucsd,2025-10-16,16:06:07,-07:00,2025-10-16T16:06:07-07:00,4,23
index.html,16,html,fa9cac86,lan019-ucsd,2025-10-16,16:06:07,-07:00,2025-10-16T16:06:07-07:00,6,70
index.html,17,html,fa9cac86,lan019-ucsd,2025-10-16,16:06:07,-07:00,2025-10-16T16:06:07-07:00,6,70
index.html,18,html,fa9cac86,lan019-ucsd,2025-10-16,16:06:07,-07:00,2025-10-16T16:06:07-07:00,6,70
index.html,19,html,34936fcc,lan019-ucsd,2025-10-16,14:14:30,-07:00,2025-10-16T14:14:30-07:00,4,4
index.html,20,html,fa9cac86,lan019-ucsd,2025-10-16,16:06:07,-07:00,2025-10-16T16:06:07-07:00,4,34
index.html,21,html,c8f3dc19,lan019-ucsd,2025-10-23,12:16:56,-07:00,2025-10-23T12:16:56-07:00,0,0
index.html,22,html,14ca6c86,lan019-ucsd,2025-10-23,12:44:36,-07:00,2025-10-23T12:44:36-07:00,4,48
index.html,23,html,0b824fa1,lan019-ucsd,2025-10-23,12:27:51,-07:00,2025-10-23T12:27:51-07:00,4,22
index.html,24,html,0b824fa1,lan019-ucsd,2025-10-23,12:27:51,-07:00,2025-10-23T12:27:51-07:00,0,0
index.html,25,html,0b824fa1,lan019-ucsd,2025-10-23,12:27:51,-07:00,2025-10-23T12:27:51-07:00,4,4
index.html,26,html,0b824fa1,lan019-ucsd,2025-10-23,12:27:51,-07:00,2025-10-23T12:27:51-07:00,0,0
index.html,27,html,0b824fa1,lan019-ucsd,2025-10-23,12:27:51,-07:00,2025-10-23T12:27:51-07:00,4,22
index.html,28,html,0b824fa1,lan019-ucsd,2025-10-23,12:27:51,-07:00,2025-10-23T12:27:51-07:00,4,24
index.html,29,html,14ca6c86,lan019-ucsd,2025-10-23,12:44:36,-07:00,2025-10-23T12:44:36-07:00,0,0
index.html,30,html,0b824fa1,lan019-ucsd,2025-10-23,12:27:51,-07:00,2025-10-23T12:27:51-07:00,4,4
index.html,31,html,bf0dc590,lan019-ucsd,2025-10-10,11:41:13,-07:00,2025-10-10T11:41:13-07:00,2,4
index.html,32,html,0603618c,lan019-ucsd,2025-10-16,14:50:01,-07:00,2025-10-16T14:50:01-07:00,0,0
index.html,33,html,c8f3dc19,lan019-ucsd,2025-10-23,12:16:56,-07:00,2025-10-23T12:16:56-07:00,2,50
index.html,34,html,c8f3dc19,lan019-ucsd,2025-10-23,12:16:56,-07:00,2025-10-23T12:16:56-07:00,2,49
index.html,35,html,3a7976d5,lan019-ucsd,2025-10-02,11:00:32,-07:00,2025-10-02T11:00:32-07:00,0,5
index.html,36,html,fa9cac86,lan019-ucsd,2025-10-16,16:06:07,-07:00,2025-10-16T16:06:07-07:00,0,5
global.js,1,js,95e840d0,lan019-ucsd,2025-10-15,16:56:52,-07:00,2025-10-15T16:56:52-07:00,0,26
global.js,2,js,57d25735,lan019-ucsd,2025-10-15,16:07:25,-07:00,2025-10-15T16:07:25-07:00,0,0
global.js,3,js,57d25735,lan019-ucsd,2025-10-15,16:07:25,-07:00,2025-10-15T16:07:25-07:00,0,41
global.js,4,js,57d25735,lan019-ucsd,2025-10-15,16:07:25,-07:00,2025-10-15T16:07:25-07:00,1,52
global.js,5,js,f4d3e1f8,lan019-ucsd,2025-10-15,17:09:57,-07:00,2025-10-15T17:09:57-07:00,0,0
global.js,6,js,f4d3e1f8,lan019-ucsd,2025-10-15,17:09:57,-07:00,2025-10-15T17:09:57-07:00,0,0
global.js,7,js,fa9cac86,lan019-ucsd,2025-10-16,16:06:07,-07:00,2025-10-16T16:06:07-07:00,0,86
global.js,8,js,a6b8730e,lan019-ucsd,2025-10-16,12:24:00,-07:00,2025-10-16T12:24:00-07:00,1,3
global.js,9,js,a6b8730e,lan019-ucsd,2025-10-16,12:24:00,-07:00,2025-10-16T12:24:00-07:00,1,14
global.js,10,js,a6b8730e,lan019-ucsd,2025-10-16,12:24:00,-07:00,2025-10-16T12:24:00-07:00,0,0
global.js,11,js,a6b8730e,lan019-ucsd,2025-10-16,12:24:00,-07:00,2025-10-16T12:24:00-07:00,0,11
global.js,12,js,a6b8730e,lan019-ucsd,2025-10-16,12:24:00,-07:00,2025-10-16T12:24:00-07:00,1,25
global.js,13,js,a6b8730e,lan019-ucsd,2025-10-16,12:24:00,-07:00,2025-10-16T12:24:00-07:00,1,38
global.js,14,js,be4f2cd6,lan019-ucsd,2025-10-23,16:35:32,-07:00,2025-10-23T16:35:32-07:00,1,58
global.js,15,js,a6b8730e,lan019-ucsd,2025-10-16,12:24:00,-07:00,2025-10-16T12:24:00-07:00,1,35
global.js,16,js,a6b8730e,lan019-ucsd,2025-10-16,12:24:00,-07:00,2025-10-16T12:24:00-07:00,1,25
global.js,17,js,a6b8730e,lan019-ucsd,2025-10-16,12:24:00,-07:00,2025-10-16T12:24:00-07:00,1,67
global.js,18,js,a6b8730e,lan019-ucsd,2025-10-16,12:24:00,-07:00,2025-10-16T12:24:00-07:00,0,0
global.js,19,js,a6b8730e,lan019-ucsd,2025-10-16,12:24:00,-07:00,2025-10-16T12:24:00-07:00,0,0
global.js,20,js,fa9cac86,lan019-ucsd,2025-10-16,16:06:07,-07:00,2025-10-16T16:06:07-07:00,0,14
global.js,21,js,a6b8730e,lan019-ucsd,2025-10-16,12:24:00,-07:00,2025-10-16T12:24:00-07:00,0,38
global.js,22,js,a6b8730e,lan019-ucsd,2025-10-16,12:24:00,-07:00,2025-10-16T12:24:00-07:00,0,25
global.js,23,js,a6b8730e,lan019-ucsd,2025-10-16,12:24:00,-07:00,2025-10-16T12:24:00-07:00,0,0
global.js,24,js,a6b8730e,lan019-ucsd,2025-10-16,12:24:00,-07:00,2025-10-16T12:24:00-07:00,0,20
global.js,25,js,fa9cac86,lan019-ucsd,2025-10-16,16:06:07,-07:00,2025-10-16T16:06:07-07:00,1,62
global.js,26,js,8a07ad0e,lan019-ucsd,2025-10-16,12:34:13,-07:00,2025-10-16T12:34:13-07:00,1,34
global.js,27,js,6e508c3c,lan019-ucsd,2025-10-16,13:59:42,-07:00,2025-10-16T13:59:42-07:00,1,11
global.js,28,js,fa9cac86,lan019-ucsd,2025-10-16,16:06:07,-07:00,2025-10-16T16:06:07-07:00,1,22
global.js,29,js,6e508c3c,lan019-ucsd,2025-10-16,13:59:42,-07:00,2025-10-16T13:59:42-07:00,1,12
global.js,30,js,a6b8730e,lan019-ucsd,2025-10-16,12:24:00,-07:00,2025-10-16T12:24:00-07:00,0,0
global.js,31,js,a6b8730e,lan019-ucsd,2025-10-16,12:24:00,-07:00,2025-10-16T12:24:00-07:00,0,0
global.js,32,js,fa9cac86,lan019-ucsd,2025-10-16,16:06:07,-07:00,2025-10-16T16:06:07-07:00,0,26
global.js,33,js,0603618c,lan019-ucsd,2025-10-16,14:50:01,-07:00,2025-10-16T14:50:01-07:00,0,25
global.js,34,js,0603618c,lan019-ucsd,2025-10-16,14:50:01,-07:00,2025-10-16T14:50:01-07:00,0,23
global.js,35,js,fa9cac86,lan019-ucsd,2025-10-16,16:06:07,-07:00,2025-10-16T16:06:07-07:00,1,90
global.js,36,js,0603618c,lan019-ucsd,2025-10-16,14:50:01,-07:00,2025-10-16T14:50:01-07:00,0,0
global.js,37,js,0603618c,lan019-ucsd,2025-10-16,14:50:01,-07:00,2025-10-16T14:50:01-07:00,0,0
global.js,38,js,fa9cac86,lan019-ucsd,2025-10-16,16:06:07,-07:00,2025-10-16T16:06:07-07:00,0,20
global.js,39,js,6e508c3c,lan019-ucsd,2025-10-16,13:59:42,-07:00,2025-10-16T13:59:42-07:00,0,31
global.js,40,js,6e508c3c,lan019-ucsd,2025-10-16,13:59:42,-07:00,2025-10-16T13:59:42-07:00,1,11
global.js,41,js,6e508c3c,lan019-ucsd,2025-10-16,13:59:42,-07:00,2025-10-16T13:59:42-07:00,1,0
global.js,42,js,39ab55d8,lan019-ucsd,2025-10-16,14:05:04,-07:00,2025-10-16T14:05:04-07:00,1,26
global.js,43,js,39ab55d8,lan019-ucsd,2025-10-16,14:05:04,-07:00,2025-10-16T14:05:04-07:00,2,4
global.js,44,js,39ab55d8,lan019-ucsd,2025-10-16,14:05:04,-07:00,2025-10-16T14:05:04-07:00,2,6
global.js,45,js,fa9cac86,lan019-ucsd,2025-10-16,16:06:07,-07:00,2025-10-16T16:06:07-07:00,3,43
global.js,46,js,fa9cac86,lan019-ucsd,2025-10-16,16:06:07,-07:00,2025-10-16T16:06:07-07:00,3,34
global.js,47,js,fa9cac86,lan019-ucsd,2025-10-16,16:06:07,-07:00,2025-10-16T16:06:07-07:00,3,32
global.js,48,js,39ab55d8,lan019-ucsd,2025-10-16,14:05:04,-07:00,2025-10-16T14:05:04-07:00,2,7
global.js,49,js,39ab55d8,lan019-ucsd,2025-10-16,14:05:04,-07:00,2025-10-16T14:05:04-07:00,1,6
global.js,50,js,f31388e4,lan019-ucsd,2025-10-16,14:03:47,-07:00,2025-10-16T14:03:47-07:00,1,0
global.js,51,js,6e508c3c,lan019-ucsd,2025-10-16,13:59:42,-07:00,2025-10-16T13:59:42-07:00,0,0
global.js,52,js,6e508c3c,lan019-ucsd,2025-10-16,13:59:42,-07:00,2025-10-16T13:59:42-07:00,0,0
global.js,53,js,0603618c,lan019-ucsd,2025-10-16,14:50:01,-07:00,2025-10-16T14:50:01-07:00,0,60
global.js,54,js,0603618c,lan019-ucsd,2025-10-16,14:50:01,-07:00,2025-10-16T14:50:01-07:00,0,0
global.js,55,js,fa9cac86,lan019-ucsd,2025-10-16,16:06:07,-07:00,2025-10-16T16:06:07-07:00,0,31
global.js,56,js,fa9cac86,lan019-ucsd,2025-10-16,16:06:07,-07:00,2025-10-16T16:06:07-07:00,1,65
global.js,57,js,fa9cac86,lan019-ucsd,2025-10-16,16:06:07,-07:00,2025-10-16T16:06:07-07:00,1,20
global.js,58,js,fa9cac86,lan019-ucsd,2025-10-16,16:06:07,-07:00,2025-10-16T16:06:07-07:00,0,0
global.js,59,js,6e508c3c,lan019-ucsd,2025-10-16,13:59:42,-07:00,2025-10-16T13:59:42-07:00,0,0
global.js,60,js,fa9cac86,lan019-ucsd,2025-10-16,16:06:07,-07:00,2025-10-16T16:06:07-07:00,0,34
global.js,61,js,fa9cac86,lan019-ucsd,2025-10-16,16:06:07,-07:00,2025-10-16T16:06:07-07:00,1,39
global.js,62,js,fa9cac86,lan019-ucsd,2025-10-16,16:06:07,-07:00,2025-10-16T16:06:07-07:00,0,6
global.js,63,js,fa9cac86,lan019-ucsd,2025-10-16,16:06:07,-07:00,2025-10-16T16:06:07-07:00,1,27
global.js,64,js,fa9cac86,lan019-ucsd,2025-10-16,16:06:07,-07:00,2025-10-16T16:06:07-07:00,0,0
global.js,65,js,6e508c3c,lan019-ucsd,2025-10-16,13:59:42,-07:00,2025-10-16T13:59:42-07:00,0,0
global.js,66,js,fa9cac86,lan019-ucsd,2025-10-16,16:06:07,-07:00,2025-10-16T16:06:07-07:00,0,48
global.js,67,js,fa9cac86,lan019-ucsd,2025-10-16,16:06:07,-07:00,2025-10-16T16:06:07-07:00,1,32
global.js,68,js,fa9cac86,lan019-ucsd,2025-10-16,16:06:07,-07:00,2025-10-16T16:06:07-07:00,1,65
global.js,69,js,fa9cac86,lan019-ucsd,2025-10-16,16:06:07,-07:00,2025-10-16T16:06:07-07:00,1,32
global.js,70,js,fa9cac86,lan019-ucsd,2025-10-16,16:06:07,-07:00,2025-10-16T16:06:07-07:00,1,57
global.js,71,js,fa9cac86,lan019-ucsd,2025-10-16,16:06:07,-07:00,2025-10-16T16:06:07-07:00,0,1
global.js,72,js,26ade943,lan019-ucsd,2025-10-16,17:03:55,-07:00,2025-10-16T17:03:55-07:00,0,0
global.js,73,js,26ade943,lan019-ucsd,2025-10-16,17:03:55,-07:00,2025-10-16T17:03:55-07:00,0,11
global.js,74,js,26ade943,lan019-ucsd,2025-10-16,17:03:55,-07:00,2025-10-16T17:03:55-07:00,0,42
global.js,75,js,26ade943,lan019-ucsd,2025-10-16,17:03:55,-07:00,2025-10-16T17:03:55-07:00,0,0
global.js,76,js,26ade943,lan019-ucsd,2025-10-16,17:03:55,-07:00,2025-10-16T17:03:55-07:00,0,48
global.js,77,js,26ade943,lan019-ucsd,2025-10-16,17:03:55,-07:00,2025-10-16T17:03:55-07:00,1,21
global.js,78,js,26ade943,lan019-ucsd,2025-10-16,17:03:55,-07:00,2025-10-16T17:03:55-07:00,0,0
global.js,79,js,26ade943,lan019-ucsd,2025-10-16,17:03:55,-07:00,2025-10-16T17:03:55-07:00,1,30
global.js,80,js,26ade943,lan019-ucsd,2025-10-16,17:03:55,-07:00,2025-10-16T17:03:55-07:00,1,16
global.js,81,js,26ade943,lan019-ucsd,2025-10-16,17:03:55,-07:00,2025-10-16T17:03:55-07:00,0,0
global.js,82,js,26ade943,lan019-ucsd,2025-10-16,17:03:55,-07:00,2025-10-16T17:03:55-07:00,1,31
global.js,83,js,8b058b4e,lan019-ucsd,2025-10-16,17:10:34,-07:00,2025-10-16T17:10:34-07:00,2,50
global.js,84,js,8b058b4e,lan019-ucsd,2025-10-16,17:10:34,-07:00,2025-10-16T17:10:34-07:00,0,0
global.js,85,js,26ade943,lan019-ucsd,2025-10-16,17:03:55,-07:00,2025-10-16T17:03:55-07:00,0,0
global.js,86,js,26ade943,lan019-ucsd,2025-10-16,17:03:55,-07:00,2025-10-16T17:03:55-07:00,1,47
global.js,87,js,26ade943,lan019-ucsd,2025-10-16,17:03:55,-07:00,2025-10-16T17:03:55-07:00,1,18
global.js,88,js,7e08415b,lan019-ucsd,2025-10-23,10:44:28,-07:00,2025-10-23T10:44:28-07:00,0,1
global.js,89,js,7e08415b,lan019-ucsd,2025-10-23,10:44:28,-07:00,2025-10-23T10:44:28-07:00,0,0
global.js,90,js,17cd11e3,lan019-ucsd,2025-10-24,21:51:47,-07:00,2025-10-24T21:51:47-07:00,0,0
global.js,91,js,30fc64fe,lan019-ucsd,2025-10-23,10:59:32,-07:00,2025-10-23T10:59:32-07:00,0,14
global.js,92,js,7e08415b,lan019-ucsd,2025-10-23,10:44:28,-07:00,2025-10-23T10:44:28-07:00,0,37
global.js,93,js,7e08415b,lan019-ucsd,2025-10-23,10:44:28,-07:00,2025-10-23T10:44:28-07:00,0,0
global.js,94,js,7e08415b,lan019-ucsd,2025-10-23,10:44:28,-07:00,2025-10-23T10:44:28-07:00,1,3
global.js,95,js,7e08415b,lan019-ucsd,2025-10-23,10:44:28,-07:00,2025-10-23T10:44:28-07:00,2,28
global.js,96,js,30fc64fe,lan019-ucsd,2025-10-23,10:59:32,-07:00,2025-10-23T10:59:32-07:00,2,83
global.js,97,js,7e08415b,lan019-ucsd,2025-10-23,10:44:28,-07:00,2025-10-23T10:44:28-07:00,2,22
global.js,98,js,7e08415b,lan019-ucsd,2025-10-23,10:44:28,-07:00,2025-10-23T10:44:28-07:00,1,15
global.js,99,js,7e08415b,lan019-ucsd,2025-10-23,10:44:28,-07:00,2025-10-23T10:44:28-07:00,2,59
global.js,100,js,7e08415b,lan019-ucsd,2025-10-23,10:44:28,-07:00,2025-10-23T10:44:28-07:00,2,8
global.js,101,js,7e08415b,lan019-ucsd,2025-10-23,10:44:28,-07:00,2025-10-23T10:44:28-07:00,1,0
global.js,102,js,7e08415b,lan019-ucsd,2025-10-23,10:44:28,-07:00,2025-10-23T10:44:28-07:00,0,0
global.js,103,js,7e08415b,lan019-ucsd,2025-10-23,10:44:28,-07:00,2025-10-23T10:44:28-07:00,0,0
global.js,104,js,30fc64fe,lan019-ucsd,2025-10-23,10:59:32,-07:00,2025-10-23T10:59:32-07:00,0,79
global.js,105,js,7e08415b,lan019-ucsd,2025-10-23,10:44:28,-07:00,2025-10-23T10:44:28-07:00,1,56
global.js,106,js,7e08415b,lan019-ucsd,2025-10-23,10:44:28,-07:00,2025-10-23T10:44:28-07:00,0,0
global.js,107,js,7e08415b,lan019-ucsd,2025-10-23,10:44:28,-07:00,2025-10-23T10:44:28-07:00,1,30
global.js,108,js,7e08415b,lan019-ucsd,2025-10-23,10:44:28,-07:00,2025-10-23T10:44:28-07:00,0,0
global.js,109,js,7e08415b,lan019-ucsd,2025-10-23,10:44:28,-07:00,2025-10-23T10:44:28-07:00,1,57
global.js,110,js,0ffdd509,lan019-ucsd,2025-10-23,15:56:36,-07:00,2025-10-23T15:56:36-07:00,1,75
global.js,111,js,7e08415b,lan019-ucsd,2025-10-23,10:44:28,-07:00,2025-10-23T10:44:28-07:00,0,0
global.js,112,js,7e08415b,lan019-ucsd,2025-10-23,10:44:28,-07:00,2025-10-23T10:44:28-07:00,1,27
global.js,113,js,7e08415b,lan019-ucsd,2025-10-23,10:44:28,-07:00,2025-10-23T10:44:28-07:00,2,48
global.js,114,js,7e08415b,lan019-ucsd,2025-10-23,10:44:28,-07:00,2025-10-23T10:44:28-07:00,2,19
global.js,115,js,30fc64fe,lan019-ucsd,2025-10-23,10:59:32,-07:00,2025-10-23T10:59:32-07:00,3,71
global.js,116,js,e5f547d3,lan019-ucsd,2025-10-23,16:18:35,-07:00,2025-10-23T16:18:35-07:00,3,58
global.js,117,js,30fc64fe,lan019-ucsd,2025-10-23,10:59:32,-07:00,2025-10-23T10:59:32-07:00,3,89
global.js,118,js,30fc64fe,lan019-ucsd,2025-10-23,10:59:32,-07:00,2025-10-23T10:59:32-07:00,3,60
global.js,119,js,7e08415b,lan019-ucsd,2025-10-23,10:44:28,-07:00,2025-10-23T10:44:28-07:00,2,0
global.js,120,js,7e08415b,lan019-ucsd,2025-10-23,10:44:28,-07:00,2025-10-23T10:44:28-07:00,2,36
global.js,121,js,7e08415b,lan019-ucsd,2025-10-23,10:44:28,-07:00,2025-10-23T10:44:28-07:00,1,1
global.js,122,js,0b824fa1,lan019-ucsd,2025-10-23,12:27:51,-07:00,2025-10-23T12:27:51-07:00,0,0
global.js,123,js,0b824fa1,lan019-ucsd,2025-10-23,12:27:51,-07:00,2025-10-23T12:27:51-07:00,0,0
global.js,124,js,0b824fa1,lan019-ucsd,2025-10-23,12:27:51,-07:00,2025-10-23T12:27:51-07:00,0,47
global.js,125,js,0b824fa1,lan019-ucsd,2025-10-23,12:27:51,-07:00,2025-10-23T12:27:51-07:00,1,59
global.js,126,js,0ffdd509,lan019-ucsd,2025-10-23,15:56:36,-07:00,2025-10-23T15:56:36-07:00,0,0
global.js,127,js,0ffdd509,lan019-ucsd,2025-10-23,15:56:36,-07:00,2025-10-23T15:56:36-07:00,0,0
projects/projects.js,1,js,72f2d82c,lan019-ucsd,2025-10-30,14:49:07,-07:00,2025-10-30T14:49:07-07:00,0,63
projects/projects.js,2,js,7e08415b,lan019-ucsd,2025-10-23,10:44:28,-07:00,2025-10-23T10:44:28-07:00,0,55
projects/projects.js,3,js,7e08415b,lan019-ucsd,2025-10-23,10:44:28,-07:00,2025-10-23T10:44:28-07:00,0,0
projects/projects.js,4,js,c96f51ba,lan019-ucsd,2025-10-31,16:33:39,-07:00,2025-10-31T16:33:39-07:00,0,57
projects/projects.js,5,js,c96f51ba,lan019-ucsd,2025-10-31,16:33:39,-07:00,2025-10-31T16:33:39-07:00,1,55
projects/projects.js,6,js,7e08415b,lan019-ucsd,2025-10-23,10:44:28,-07:00,2025-10-23T10:44:28-07:00,0,0
projects/projects.js,7,js,c96f51ba,lan019-ucsd,2025-10-31,16:33:39,-07:00,2025-10-31T16:33:39-07:00,1,60
projects/projects.js,8,js,c96f51ba,lan019-ucsd,2025-10-31,16:33:39,-07:00,2025-10-31T16:33:39-07:00,1,55
projects/projects.js,9,js,c96f51ba,lan019-ucsd,2025-10-31,16:33:39,-07:00,2025-10-31T16:33:39-07:00,1,61
projects/projects.js,10,js,7e08415b,lan019-ucsd,2025-10-23,10:44:28,-07:00,2025-10-23T10:44:28-07:00,0,0
projects/projects.js,11,js,c96f51ba,lan019-ucsd,2025-10-31,16:33:39,-07:00,2025-10-31T16:33:39-07:00,1,17
projects/projects.js,12,js,c96f51ba,lan019-ucsd,2025-10-31,16:33:39,-07:00,2025-10-31T16:33:39-07:00,2,50
projects/projects.js,13,js,c96f51ba,lan019-ucsd,2025-10-31,16:33:39,-07:00,2025-10-31T16:33:39-07:00,1,0
projects/projects.js,14,js,7e08415b,lan019-ucsd,2025-10-23,10:44:28,-07:00,2025-10-23T10:44:28-07:00,0,0
projects/projects.js,15,js,92e9a86a,lan019-ucsd,2025-11-05,16:29:38,-08:00,2025-11-05T16:29:38-08:00,1,21
projects/projects.js,16,js,72f2d82c,lan019-ucsd,2025-10-30,14:49:07,-07:00,2025-10-30T14:49:07-07:00,0,0
projects/projects.js,17,js,c96f51ba,lan019-ucsd,2025-10-31,16:33:39,-07:00,2025-10-31T16:33:39-07:00,1,38
projects/projects.js,18,js,c96f51ba,lan019-ucsd,2025-10-31,16:33:39,-07:00,2025-10-31T16:33:39-07:00,2,27
projects/projects.js,19,js,c96f51ba,lan019-ucsd,2025-10-31,16:33:39,-07:00,2025-10-31T16:33:39-07:00,2,34
projects/projects.js,20,js,72f2d82c,lan019-ucsd,2025-10-30,14:49:07,-07:00,2025-10-30T14:49:07-07:00,0,0
projects/projects.js,21,js,c96f51ba,lan019-ucsd,2025-10-31,16:33:39,-07:00,2025-10-31T16:33:39-07:00,2,26
projects/projects.js,22,js,c96f51ba,lan019-ucsd,2025-10-31,16:33:39,-07:00,2025-10-31T16:33:39-07:00,2,29
projects/projects.js,23,js,11a7a01f,lan019-ucsd,2025-10-30,17:18:13,-07:00,2025-10-30T17:18:13-07:00,0,0
projects/projects.js,24,js,c96f51ba,lan019-ucsd,2025-10-31,16:33:39,-07:00,2025-10-31T16:33:39-07:00,2,16
projects/projects.js,25,js,c96f51ba,lan019-ucsd,2025-10-31,16:33:39,-07:00,2025-10-31T16:33:39-07:00,2,17
projects/projects.js,26,js,c96f51ba,lan019-ucsd,2025-10-31,16:33:39,-07:00,2025-10-31T16:33:39-07:00,2,16
projects/projects.js,27,js,11a7a01f,lan019-ucsd,2025-10-30,17:18:13,-07:00,2025-10-30T17:18:13-07:00,0,0
projects/projects.js,28,js,c96f51ba,lan019-ucsd,2025-10-31,16:33:39,-07:00,2025-10-31T16:33:39-07:00,2,11
projects/projects.js,29,js,c96f51ba,lan019-ucsd,2025-10-31,16:33:39,-07:00,2025-10-31T16:33:39-07:00,3,46
projects/projects.js,30,js,c96f51ba,lan019-ucsd,2025-10-31,16:33:39,-07:00,2025-10-31T16:33:39-07:00,3,11
projects/projects.js,31,js,11a7a01f,lan019-ucsd,2025-10-30,17:18:13,-07:00,2025-10-30T17:18:13-07:00,0,0
projects/projects.js,32,js,c96f51ba,lan019-ucsd,2025-10-31,16:33:39,-07:00,2025-10-31T16:33:39-07:00,2,28
projects/projects.js,33,js,c96f51ba,lan019-ucsd,2025-10-31,16:33:39,-07:00,2025-10-31T16:33:39-07:00,3,12
projects/projects.js,34,js,c96f51ba,lan019-ucsd,2025-10-31,16:33:39,-07:00,2025-10-31T16:33:39-07:00,3,12
projects/projects.js,35,js,c96f51ba,lan019-ucsd,2025-10-31,16:33:39,-07:00,2025-10-31T16:33:39-07:00,3,9
projects/projects.js,36,js,c96f51ba,lan019-ucsd,2025-10-31,16:33:39,-07:00,2025-10-31T16:33:39-07:00,2,0
projects/projects.js,37,js,11a7a01f,lan019-ucsd,2025-10-30,17:18:13,-07:00,2025-10-30T17:18:13-07:00,0,0
projects/projects.js,38,js,c96f51ba,lan019-ucsd,2025-10-31,16:33:39,-07:00,2025-10-31T16:33:39-07:00,2,47
projects/projects.js,39,js,c96f51ba,lan019-ucsd,2025-10-31,16:33:39,-07:00,2025-10-31T16:33:39-07:00,3,11
projects/projects.js,40,js,c96f51ba,lan019-ucsd,2025-10-31,16:33:39,-07:00,2025-10-31T16:33:39-07:00,3,9
projects/projects.js,41,js,c96f51ba,lan019-ucsd,2025-10-31,16:33:39,-07:00,2025-10-31T16:33:39-07:00,2,2
projects/projects.js,42,js,11a7a01f,lan019-ucsd,2025-10-30,17:18:13,-07:00,2025-10-30T17:18:13-07:00,0,0
projects/projects.js,43,js,c96f51ba,lan019-ucsd,2025-10-31,16:33:39,-07:00,2025-10-31T16:33:39-07:00,2,49
projects/projects.js,44,js,c96f51ba,lan019-ucsd,2025-10-31,16:33:39,-07:00,2025-10-31T16:33:39-07:00,2,39
projects/projects.js,45,js,c96f51ba,lan019-ucsd,2025-10-31,16:33:39,-07:00,2025-10-31T16:33:39-07:00,2,21
projects/projects.js,46,js,c96f51ba,lan019-ucsd,2025-10-31,16:33:39,-07:00,2025-10-31T16:33:39-07:00,2,63
projects/projects.js,47,js,c96f51ba,lan019-ucsd,2025-10-31,16:33:39,-07:00,2025-10-31T16:33:39-07:00,0,0
projects/projects.js,48,js,c96f51ba,lan019-ucsd,2025-10-31,16:33:39,-07:00,2025-10-31T16:33:39-07:00,2,12
projects/projects.js,49,js,c96f51ba,lan019-ucsd,2025-10-31,16:33:39,-07:00,2025-10-31T16:33:39-07:00,2,17
projects/projects.js,50,js,c96f51ba,lan019-ucsd,2025-10-31,16:33:39,-07:00,2025-10-31T16:33:39-07:00,3,9
projects/projects.js,51,js,c96f51ba,lan019-ucsd,2025-10-31,16:33:39,-07:00,2025-10-31T16:33:39-07:00,3,11
projects/projects.js,52,js,c96f51ba,lan019-ucsd,2025-10-31,16:33:39,-07:00,2025-10-31T16:33:39-07:00,3,22
projects/projects.js,53,js,c96f51ba,lan019-ucsd,2025-10-31,16:33:39,-07:00,2025-10-31T16:33:39-07:00,3,32
projects/projects.js,54,js,c96f51ba,lan019-ucsd,2025-10-31,16:33:39,-07:00,2025-10-31T16:33:39-07:00,3,21
projects/projects.js,55,js,c96f51ba,lan019-ucsd,2025-10-31,16:33:39,-07:00,2025-10-31T16:33:39-07:00,3,22
projects/projects.js,56,js,c96f51ba,lan019-ucsd,2025-10-31,16:33:39,-07:00,2025-10-31T16:33:39-07:00,3,57
projects/projects.js,57,js,c96f51ba,lan019-ucsd,2025-10-31,16:33:39,-07:00,2025-10-31T16:33:39-07:00,3,22
projects/projects.js,58,js,c96f51ba,lan019-ucsd,2025-10-31,16:33:39,-07:00,2025-10-31T16:33:39-07:00,4,26
projects/projects.js,59,js,c96f51ba,lan019-ucsd,2025-10-31,16:33:39,-07:00,2025-10-31T16:33:39-07:00,4,47
projects/projects.js,60,js,c96f51ba,lan019-ucsd,2025-10-31,16:33:39,-07:00,2025-10-31T16:33:39-07:00,0,0
projects/projects.js,61,js,c96f51ba,lan019-ucsd,2025-10-31,16:33:39,-07:00,2025-10-31T16:33:39-07:00,4,79
projects/projects.js,62,js,c96f51ba,lan019-ucsd,2025-10-31,16:33:39,-07:00,2025-10-31T16:33:39-07:00,4,72
projects/projects.js,63,js,c96f51ba,lan019-ucsd,2025-10-31,16:33:39,-07:00,2025-10-31T16:33:39-07:00,0,0
projects/projects.js,64,js,c96f51ba,lan019-ucsd,2025-10-31,16:33:39,-07:00,2025-10-31T16:33:39-07:00,4,25
projects/projects.js,65,js,c96f51ba,lan019-ucsd,2025-10-31,16:33:39,-07:00,2025-10-31T16:33:39-07:00,5,53
projects/projects.js,66,js,c96f51ba,lan019-ucsd,2025-10-31,16:33:39,-07:00,2025-10-31T16:33:39-07:00,4,6
projects/projects.js,67,js,c96f51ba,lan019-ucsd,2025-10-31,16:33:39,-07:00,2025-10-31T16:33:39-07:00,5,45
projects/projects.js,68,js,c96f51ba,lan019-ucsd,2025-10-31,16:33:39,-07:00,2025-10-31T16:33:39-07:00,5,66
projects/projects.js,69,js,c96f51ba,lan019-ucsd,2025-10-31,16:33:39,-07:00,2025-10-31T16:33:39-07:00,5,48
projects/projects.js,70,js,c96f51ba,lan019-ucsd,2025-10-31,16:33:39,-07:00,2025-10-31T16:33:39-07:00,4,0
projects/projects.js,71,js,c96f51ba,lan019-ucsd,2025-10-31,16:33:39,-07:00,2025-10-31T16:33:39-07:00,3,1
projects/projects.js,72,js,c96f51ba,lan019-ucsd,2025-10-31,16:33:39,-07:00,2025-10-31T16:33:39-07:00,0,0
projects/projects.js,73,js,c96f51ba,lan019-ucsd,2025-10-31,16:33:39,-07:00,2025-10-31T16:33:39-07:00,2,7
projects/projects.js,74,js,c96f51ba,lan019-ucsd,2025-10-31,16:33:39,-07:00,2025-10-31T16:33:39-07:00,2,4
projects/projects.js,75,js,c96f51ba,lan019-ucsd,2025-10-31,16:33:39,-07:00,2025-10-31T16:33:39-07:00,3,14
projects/projects.js,76,js,c96f51ba,lan019-ucsd,2025-10-31,16:33:39,-07:00,2025-10-31T16:33:39-07:00,3,9
projects/projects.js,77,js,c96f51ba,lan019-ucsd,2025-10-31,16:33:39,-07:00,2025-10-31T16:33:39-07:00,3,9
projects/projects.js,78,js,c96f51ba,lan019-ucsd,2025-10-31,16:33:39,-07:00,2025-10-31T16:33:39-07:00,3,46
projects/projects.js,79,js,c96f51ba,lan019-ucsd,2025-10-31,16:33:39,-07:00,2025-10-31T16:33:39-07:00,3,49
projects/projects.js,80,js,c96f51ba,lan019-ucsd,2025-10-31,16:33:39,-07:00,2025-10-31T16:33:39-07:00,3,73
projects/projects.js,81,js,c96f51ba,lan019-ucsd,2025-10-31,16:33:39,-07:00,2025-10-31T16:33:39-07:00,3,29
projects/projects.js,82,js,c96f51ba,lan019-ucsd,2025-10-31,16:33:39,-07:00,2025-10-31T16:33:39-07:00,4,24
projects/projects.js,83,js,c96f51ba,lan019-ucsd,2025-10-31,16:33:39,-07:00,2025-10-31T16:33:39-07:00,4,43
projects/projects.js,84,js,72f2d82c,lan019-ucsd,2025-10-30,14:49:07,-07:00,2025-10-30T14:49:07-07:00,0,0
projects/projects.js,85,js,c96f51ba,lan019-ucsd,2025-10-31,16:33:39,-07:00,2025-10-31T16:33:39-07:00,4,79
projects/projects.js,86,js,c96f51ba,lan019-ucsd,2025-10-31,16:33:39,-07:00,2025-10-31T16:33:39-07:00,4,72
projects/projects.js,87,js,c96f51ba,lan019-ucsd,2025-10-31,16:33:39,-07:00,2025-10-31T16:33:39-07:00,0,0
projects/projects.js,88,js,c96f51ba,lan019-ucsd,2025-10-31,16:33:39,-07:00,2025-10-31T16:33:39-07:00,4,25
projects/projects.js,89,js,c96f51ba,lan019-ucsd,2025-10-31,16:33:39,-07:00,2025-10-31T16:33:39-07:00,5,53
projects/projects.js,90,js,c96f51ba,lan019-ucsd,2025-10-31,16:33:39,-07:00,2025-10-31T16:33:39-07:00,4,6
projects/projects.js,91,js,c96f51ba,lan019-ucsd,2025-10-31,16:33:39,-07:00,2025-10-31T16:33:39-07:00,5,45
projects/projects.js,92,js,c96f51ba,lan019-ucsd,2025-10-31,16:33:39,-07:00,2025-10-31T16:33:39-07:00,5,66
projects/projects.js,93,js,c96f51ba,lan019-ucsd,2025-10-31,16:33:39,-07:00,2025-10-31T16:33:39-07:00,5,48
projects/projects.js,94,js,c96f51ba,lan019-ucsd,2025-10-31,16:33:39,-07:00,2025-10-31T16:33:39-07:00,4,0
projects/projects.js,95,js,c96f51ba,lan019-ucsd,2025-10-31,16:33:39,-07:00,2025-10-31T16:33:39-07:00,3,1
projects/projects.js,96,js,c96f51ba,lan019-ucsd,2025-10-31,16:33:39,-07:00,2025-10-31T16:33:39-07:00,1,0
projects/projects.js,97,js,c96f51ba,lan019-ucsd,2025-10-31,16:33:39,-07:00,2025-10-31T16:33:39-07:00,0,0
projects/projects.js,98,js,c96f51ba,lan019-ucsd,2025-10-31,16:33:39,-07:00,2025-10-31T16:33:39-07:00,1,48
projects/projects.js,99,js,c96f51ba,lan019-ucsd,2025-10-31,16:33:39,-07:00,2025-10-31T16:33:39-07:00,1,23
projects/projects.js,100,js,c96f51ba,lan019-ucsd,2025-10-31,16:33:39,-07:00,2025-10-31T16:33:39-07:00,1,46
projects/projects.js,101,js,c96f51ba,lan019-ucsd,2025-10-31,16:33:39,-07:00,2025-10-31T16:33:39-07:00,2,45
projects/projects.js,102,js,c96f51ba,lan019-ucsd,2025-10-31,16:33:39,-07:00,2025-10-31T16:33:39-07:00,2,51
projects/projects.js,103,js,c96f51ba,lan019-ucsd,2025-10-31,16:33:39,-07:00,2025-10-31T16:33:39-07:00,3,60
projects/projects.js,104,js,c96f51ba,lan019-ucsd,2025-10-31,16:33:39,-07:00,2025-10-31T16:33:39-07:00,3,28
projects/projects.js,105,js,c96f51ba,lan019-ucsd,2025-10-31,16:33:39,-07:00,2025-10-31T16:33:39-07:00,2,1
projects/projects.js,106,js,c96f51ba,lan019-ucsd,2025-10-31,16:33:39,-07:00,2025-10-31T16:33:39-07:00,0,0
projects/projects.js,107,js,92e9a86a,lan019-ucsd,2025-11-05,16:29:38,-08:00,2025-11-05T16:29:38-08:00,2,17
projects/projects.js,108,js,c96f51ba,lan019-ucsd,2025-10-31,16:33:39,-07:00,2025-10-31T16:33:39-07:00,2,56
projects/projects.js,109,js,c96f51ba,lan019-ucsd,2025-10-31,16:33:39,-07:00,2025-10-31T16:33:39-07:00,2,31
projects/projects.js,110,js,c96f51ba,lan019-ucsd,2025-10-31,16:33:39,-07:00,2025-10-31T16:33:39-07:00,1,1
projects/projects.js,111,js,c96f51ba,lan019-ucsd,2025-10-31,16:33:39,-07:00,2025-10-31T16:33:39-07:00,0,1
projects/index.html,1,html,43d25fba,lan019-ucsd,2025-10-02,14:03:26,-07:00,2025-10-02T14:03:26-07:00,0,13
projects/index.html,2,html,43d25fba,lan019-ucsd,2025-10-02,14:03:26,-07:00,2025-10-02T14:03:26-07:00,0,14
projects/index.html,3,html,43d25fba,lan019-ucsd,2025-10-02,14:03:26,-07:00,2025-10-02T14:03:26-07:00,0,4
projects/index.html,4,html,43d25fba,lan019-ucsd,2025-10-02,14:03:26,-07:00,2025-10-02T14:03:26-07:00,2,20
projects/index.html,5,html,43d25fba,lan019-ucsd,2025-10-02,14:03:26,-07:00,2025-10-02T14:03:26-07:00,2,68
projects/index.html,6,html,43d25fba,lan019-ucsd,2025-10-02,14:03:26,-07:00,2025-10-02T14:03:26-07:00,2,32
projects/index.html,7,html,43d25fba,lan019-ucsd,2025-10-02,14:03:26,-07:00,2025-10-02T14:03:26-07:00,2,45
projects/index.html,8,html,43d25fba,lan019-ucsd,2025-10-02,14:03:26,-07:00,2025-10-02T14:03:26-07:00,0,5
projects/index.html,9,html,43d25fba,lan019-ucsd,2025-10-02,14:03:26,-07:00,2025-10-02T14:03:26-07:00,0,4
projects/index.html,10,html,43d25fba,lan019-ucsd,2025-10-02,14:03:26,-07:00,2025-10-02T14:03:26-07:00,0,0
projects/index.html,11,html,30fc64fe,lan019-ucsd,2025-10-23,10:59:32,-07:00,2025-10-23T10:59:32-07:00,2,42
projects/index.html,12,html,fcb87aae,lan019-ucsd,2025-10-09,16:57:17,-07:00,2025-10-09T16:57:17-07:00,2,63
projects/index.html,13,html,fcb87aae,lan019-ucsd,2025-10-09,16:57:17,-07:00,2025-10-09T16:57:17-07:00,0,0
projects/index.html,14,html,c96f51ba,lan019-ucsd,2025-10-31,16:33:39,-07:00,2025-10-31T16:33:39-07:00,2,4
projects/index.html,15,html,c96f51ba,lan019-ucsd,2025-10-31,16:33:39,-07:00,2025-10-31T16:33:39-07:00,4,16
projects/index.html,16,html,c96f51ba,lan019-ucsd,2025-10-31,16:33:39,-07:00,2025-10-31T16:33:39-07:00,4,13
projects/index.html,17,html,c96f51ba,lan019-ucsd,2025-10-31,16:33:39,-07:00,2025-10-31T16:33:39-07:00,4,28
projects/index.html,18,html,c96f51ba,lan019-ucsd,2025-10-31,16:33:39,-07:00,2025-10-31T16:33:39-07:00,4,32
projects/index.html,19,html,c96f51ba,lan019-ucsd,2025-10-31,16:33:39,-07:00,2025-10-31T16:33:39-07:00,2,0
projects/index.html,20,html,c96f51ba,lan019-ucsd,2025-10-31,16:33:39,-07:00,2025-10-31T16:33:39-07:00,0,0
projects/index.html,21,html,c96f51ba,lan019-ucsd,2025-10-31,16:33:39,-07:00,2025-10-31T16:33:39-07:00,2,23
projects/index.html,22,html,900ddc9d,lan019-ucsd,2025-10-31,10:51:23,-07:00,2025-10-31T10:51:23-07:00,4,54
projects/index.html,23,html,11a7a01f,lan019-ucsd,2025-10-30,17:18:13,-07:00,2025-10-30T17:18:13-07:00,4,24
projects/index.html,24,html,fcb87aae,lan019-ucsd,2025-10-09,16:57:17,-07:00,2025-10-09T16:57:17-07:00,2,4
projects/index.html,25,html,fcb87aae,lan019-ucsd,2025-10-09,16:57:17,-07:00,2025-10-09T16:57:17-07:00,0,0
projects/index.html,26,html,11a7a01f,lan019-ucsd,2025-10-30,17:18:13,-07:00,2025-10-30T17:18:13-07:00,2,28
projects/index.html,27,html,72f2d82c,lan019-ucsd,2025-10-30,14:49:07,-07:00,2025-10-30T14:49:07-07:00,0,0
projects/index.html,28,html,aa66eb1c,lan019-ucsd,2025-10-15,16:46:12,-07:00,2025-10-15T16:46:12-07:00,2,52
projects/index.html,29,html,30fc64fe,lan019-ucsd,2025-10-23,10:59:32,-07:00,2025-10-23T10:59:32-07:00,2,51
projects/index.html,30,html,30fc64fe,lan019-ucsd,2025-10-23,10:59:32,-07:00,2025-10-23T10:59:32-07:00,2,0
projects/index.html,31,html,43d25fba,lan019-ucsd,2025-10-02,14:03:26,-07:00,2025-10-02T14:03:26-07:00,0,5
projects/index.html,32,html,43d25fba,lan019-ucsd,2025-10-02,14:03:26,-07:00,2025-10-02T14:03:26-07:00,0,5
project2/projects.js,1,js,b234ec54,lan019-ucsd,2025-10-23,17:12:08,-07:00,2025-10-23T17:12:08-07:00,0,55
project2/projects.js,2,js,b234ec54,lan019-ucsd,2025-10-23,17:12:08,-07:00,2025-10-23T17:12:08-07:00,0,0
project2/projects.js,3,js,b234ec54,lan019-ucsd,2025-10-23,17:12:08,-07:00,2025-10-23T17:12:08-07:00,0,12
project2/projects.js,4,js,b234ec54,lan019-ucsd,2025-10-23,17:12:08,-07:00,2025-10-23T17:12:08-07:00,2,55
project2/projects.js,5,js,b234ec54,lan019-ucsd,2025-10-23,17:12:08,-07:00,2025-10-23T17:12:08-07:00,0,0
project2/projects.js,6,js,b234ec54,lan019-ucsd,2025-10-23,17:12:08,-07:00,2025-10-23T17:12:08-07:00,2,73
project2/projects.js,7,js,b234ec54,lan019-ucsd,2025-10-23,17:12:08,-07:00,2025-10-23T17:12:08-07:00,2,0
project2/projects.js,8,js,b234ec54,lan019-ucsd,2025-10-23,17:12:08,-07:00,2025-10-23T17:12:08-07:00,2,60
project2/projects.js,9,js,b234ec54,lan019-ucsd,2025-10-23,17:12:08,-07:00,2025-10-23T17:12:08-07:00,0,0
project2/projects.js,10,js,b234ec54,lan019-ucsd,2025-10-23,17:12:08,-07:00,2025-10-23T17:12:08-07:00,2,48
project2/projects.js,11,js,b234ec54,lan019-ucsd,2025-10-23,17:12:08,-07:00,2025-10-23T17:12:08-07:00,0,0
project2/projects.js,12,js,ea382b45,lan019-ucsd,2025-10-30,14:55:37,-07:00,2025-10-30T14:55:37-07:00,0,3
project2/index.html,1,html,0ffdd509,lan019-ucsd,2025-10-23,15:56:36,-07:00,2025-10-23T15:56:36-07:00,0,13
project2/index.html,2,html,0ffdd509,lan019-ucsd,2025-10-23,15:56:36,-07:00,2025-10-23T15:56:36-07:00,0,14
project2/index.html,3,html,0ffdd509,lan019-ucsd,2025-10-23,15:56:36,-07:00,2025-10-23T15:56:36-07:00,0,4
project2/index.html,4,html,0ffdd509,lan019-ucsd,2025-10-23,15:56:36,-07:00,2025-10-23T15:56:36-07:00,2,20
project2/index.html,5,html,0ffdd509,lan019-ucsd,2025-10-23,15:56:36,-07:00,2025-10-23T15:56:36-07:00,2,68
project2/index.html,6,html,0ffdd509,lan019-ucsd,2025-10-23,15:56:36,-07:00,2025-10-23T15:56:36-07:00,2,33
project2/index.html,7,html,0ffdd509,lan019-ucsd,2025-10-23,15:56:36,-07:00,2025-10-23T15:56:36-07:00,2,45
project2/index.html,8,html,0ffdd509,lan019-ucsd,2025-10-23,15:56:36,-07:00,2025-10-23T15:56:36-07:00,0,5
project2/index.html,9,html,0ffdd509,lan019-ucsd,2025-10-23,15:56:36,-07:00,2025-10-23T15:56:36-07:00,0,4
project2/index.html,10,html,0ffdd509,lan019-ucsd,2025-10-23,15:56:36,-07:00,2025-10-23T15:56:36-07:00,0,0
project2/index.html,11,html,b234ec54,lan019-ucsd,2025-10-23,17:12:08,-07:00,2025-10-23T17:12:08-07:00,2,6
project2/index.html,12,html,47a922a9,lan019-ucsd,2025-10-24,19:01:13,-07:00,2025-10-24T19:01:13-07:00,4,57
project2/index.html,13,html,47a922a9,lan019-ucsd,2025-10-24,19:01:13,-07:00,2025-10-24T19:01:13-07:00,4,33
project2/index.html,14,html,b234ec54,lan019-ucsd,2025-10-23,17:12:08,-07:00,2025-10-23T17:12:08-07:00,2,7
project2/index.html,15,html,a3048ca4,lan019-ucsd,2025-10-24,17:17:33,-07:00,2025-10-24T17:17:33-07:00,0,0
project2/index.html,16,html,b234ec54,lan019-ucsd,2025-10-23,17:12:08,-07:00,2025-10-23T17:12:08-07:00,2,4
project2/index.html,17,html,b234ec54,lan019-ucsd,2025-10-23,17:12:08,-07:00,2025-10-23T17:12:08-07:00,4,7
project2/index.html,18,html,f5844175,lan019-ucsd,2025-10-24,18:17:52,-07:00,2025-10-24T18:17:52-07:00,6,167
project2/index.html,19,html,0ffdd509,lan019-ucsd,2025-10-23,15:56:36,-07:00,2025-10-23T15:56:36-07:00,0,0
project2/index.html,20,html,a3048ca4,lan019-ucsd,2025-10-24,17:17:33,-07:00,2025-10-24T17:17:33-07:00,6,61
project2/index.html,21,html,b234ec54,lan019-ucsd,2025-10-23,17:12:08,-07:00,2025-10-23T17:12:08-07:00,6,6
project2/index.html,22,html,a3048ca4,lan019-ucsd,2025-10-24,17:17:33,-07:00,2025-10-24T17:17:33-07:00,8,72
project2/index.html,23,html,26453db6,lan019-ucsd,2025-10-24,22:13:25,-07:00,2025-10-24T22:13:25-07:00,8,144
project2/index.html,24,html,26453db6,lan019-ucsd,2025-10-24,22:13:25,-07:00,2025-10-24T22:13:25-07:00,10,143
project2/index.html,25,html,a3048ca4,lan019-ucsd,2025-10-24,17:17:33,-07:00,2025-10-24T17:17:33-07:00,10,140
project2/index.html,26,html,a3048ca4,lan019-ucsd,2025-10-24,17:17:33,-07:00,2025-10-24T17:17:33-07:00,10,53
project2/index.html,27,html,a3048ca4,lan019-ucsd,2025-10-24,17:17:33,-07:00,2025-10-24T17:17:33-07:00,8,11
project2/index.html,28,html,b234ec54,lan019-ucsd,2025-10-23,17:12:08,-07:00,2025-10-23T17:12:08-07:00,6,7
project2/index.html,29,html,ca272792,lan019-ucsd,2025-10-23,16:30:02,-07:00,2025-10-23T16:30:02-07:00,0,0
project2/index.html,30,html,b234ec54,lan019-ucsd,2025-10-23,17:12:08,-07:00,2025-10-23T17:12:08-07:00,6,39
project2/index.html,31,html,b234ec54,lan019-ucsd,2025-10-23,17:12:08,-07:00,2025-10-23T17:12:08-07:00,6,2
project2/index.html,32,html,47a922a9,lan019-ucsd,2025-10-24,19:01:13,-07:00,2025-10-24T19:01:13-07:00,8,2
project2/index.html,33,html,47a922a9,lan019-ucsd,2025-10-24,19:01:13,-07:00,2025-10-24T19:01:13-07:00,10,42
project2/index.html,34,html,47a922a9,lan019-ucsd,2025-10-24,19:01:13,-07:00,2025-10-24T19:01:13-07:00,12,107
project2/index.html,35,html,47a922a9,lan019-ucsd,2025-10-24,19:01:13,-07:00,2025-10-24T19:01:13-07:00,12,104
project2/index.html,36,html,47a922a9,lan019-ucsd,2025-10-24,19:01:13,-07:00,2025-10-24T19:01:13-07:00,12,86
project2/index.html,37,html,47a922a9,lan019-ucsd,2025-10-24,19:01:13,-07:00,2025-10-24T19:01:13-07:00,8,3
project2/index.html,38,html,47a922a9,lan019-ucsd,2025-10-24,19:01:13,-07:00,2025-10-24T19:01:13-07:00,8,2
project2/index.html,39,html,47a922a9,lan019-ucsd,2025-10-24,19:01:13,-07:00,2025-10-24T19:01:13-07:00,10,41
project2/index.html,40,html,47a922a9,lan019-ucsd,2025-10-24,19:01:13,-07:00,2025-10-24T19:01:13-07:00,12,123
project2/index.html,41,html,26453db6,lan019-ucsd,2025-10-24,22:13:25,-07:00,2025-10-24T22:13:25-07:00,12,122
project2/index.html,42,html,47a922a9,lan019-ucsd,2025-10-24,19:01:13,-07:00,2025-10-24T19:01:13-07:00,8,3
project2/index.html,43,html,47a922a9,lan019-ucsd,2025-10-24,19:01:13,-07:00,2025-10-24T19:01:13-07:00,8,2
project2/index.html,44,html,0367f58f,lan019-ucsd,2025-10-24,21:39:26,-07:00,2025-10-24T21:39:26-07:00,10,43
project2/index.html,45,html,47a922a9,lan019-ucsd,2025-10-24,19:01:13,-07:00,2025-10-24T19:01:13-07:00,12,117
project2/index.html,46,html,47a922a9,lan019-ucsd,2025-10-24,19:01:13,-07:00,2025-10-24T19:01:13-07:00,12,115
project2/index.html,47,html,26453db6,lan019-ucsd,2025-10-24,22:13:25,-07:00,2025-10-24T22:13:25-07:00,12,49
project2/index.html,48,html,47a922a9,lan019-ucsd,2025-10-24,19:01:13,-07:00,2025-10-24T19:01:13-07:00,8,3
project2/index.html,49,html,47a922a9,lan019-ucsd,2025-10-24,19:01:13,-07:00,2025-10-24T19:01:13-07:00,8,2
project2/index.html,50,html,0367f58f,lan019-ucsd,2025-10-24,21:39:26,-07:00,2025-10-24T21:39:26-07:00,10,33
project2/index.html,51,html,26453db6,lan019-ucsd,2025-10-24,22:13:25,-07:00,2025-10-24T22:13:25-07:00,12,116
project2/index.html,52,html,26453db6,lan019-ucsd,2025-10-24,22:13:25,-07:00,2025-10-24T22:13:25-07:00,12,155
project2/index.html,53,html,aa934fa8,lan019-ucsd,2025-10-24,20:33:42,-07:00,2025-10-24T20:33:42-07:00,12,19
project2/index.html,54,html,47a922a9,lan019-ucsd,2025-10-24,19:01:13,-07:00,2025-10-24T19:01:13-07:00,0,0
project2/index.html,55,html,47a922a9,lan019-ucsd,2025-10-24,19:01:13,-07:00,2025-10-24T19:01:13-07:00,8,3
project2/index.html,56,html,47a922a9,lan019-ucsd,2025-10-24,19:01:13,-07:00,2025-10-24T19:01:13-07:00,8,2
project2/index.html,57,html,0367f58f,lan019-ucsd,2025-10-24,21:39:26,-07:00,2025-10-24T21:39:26-07:00,10,23
project2/index.html,58,html,26453db6,lan019-ucsd,2025-10-24,22:13:25,-07:00,2025-10-24T22:13:25-07:00,12,129
project2/index.html,59,html,26453db6,lan019-ucsd,2025-10-24,22:13:25,-07:00,2025-10-24T22:13:25-07:00,12,49
project2/index.html,60,html,47a922a9,lan019-ucsd,2025-10-24,19:01:13,-07:00,2025-10-24T19:01:13-07:00,8,3
project2/index.html,61,html,b234ec54,lan019-ucsd,2025-10-23,17:12:08,-07:00,2025-10-23T17:12:08-07:00,6,3
project2/index.html,62,html,1350021f,lan019-ucsd,2025-10-23,20:16:32,-07:00,2025-10-23T20:16:32-07:00,0,0
project2/index.html,63,html,a3048ca4,lan019-ucsd,2025-10-24,17:17:33,-07:00,2025-10-24T17:17:33-07:00,6,80
project2/index.html,64,html,1350021f,lan019-ucsd,2025-10-23,20:16:32,-07:00,2025-10-23T20:16:32-07:00,6,6
project2/index.html,65,html,a3048ca4,lan019-ucsd,2025-10-24,17:17:33,-07:00,2025-10-24T17:17:33-07:00,8,70
project2/index.html,66,html,47a922a9,lan019-ucsd,2025-10-24,19:01:13,-07:00,2025-10-24T19:01:13-07:00,8,135
project2/index.html,67,html,47a922a9,lan019-ucsd,2025-10-24,19:01:13,-07:00,2025-10-24T19:01:13-07:00,10,132
project2/index.html,68,html,47a922a9,lan019-ucsd,2025-10-24,19:01:13,-07:00,2025-10-24T19:01:13-07:00,10,129
project2/index.html,69,html,47a922a9,lan019-ucsd,2025-10-24,19:01:13,-07:00,2025-10-24T19:01:13-07:00,10,0
project2/index.html,70,html,47a922a9,lan019-ucsd,2025-10-24,19:01:13,-07:00,2025-10-24T19:01:13-07:00,8,11
project2/index.html,71,html,1350021f,lan019-ucsd,2025-10-23,20:16:32,-07:00,2025-10-23T20:16:32-07:00,6,7
project2/index.html,72,html,1350021f,lan019-ucsd,2025-10-23,20:16:32,-07:00,2025-10-23T20:16:32-07:00,0,0
project2/index.html,73,html,1350021f,lan019-ucsd,2025-10-23,20:16:32,-07:00,2025-10-23T20:16:32-07:00,6,39
project2/index.html,74,html,1350021f,lan019-ucsd,2025-10-23,20:16:32,-07:00,2025-10-23T20:16:32-07:00,6,2
project2/index.html,75,html,47a922a9,lan019-ucsd,2025-10-24,19:01:13,-07:00,2025-10-24T19:01:13-07:00,8,2
project2/index.html,76,html,0367f58f,lan019-ucsd,2025-10-24,21:39:26,-07:00,2025-10-24T21:39:26-07:00,10,43
project2/index.html,77,html,47a922a9,lan019-ucsd,2025-10-24,19:01:13,-07:00,2025-10-24T19:01:13-07:00,10,82
project2/index.html,78,html,47a922a9,lan019-ucsd,2025-10-24,19:01:13,-07:00,2025-10-24T19:01:13-07:00,10,87
project2/index.html,79,html,47a922a9,lan019-ucsd,2025-10-24,19:01:13,-07:00,2025-10-24T19:01:13-07:00,10,91
project2/index.html,80,html,47a922a9,lan019-ucsd,2025-10-24,19:01:13,-07:00,2025-10-24T19:01:13-07:00,10,76
project2/index.html,81,html,47a922a9,lan019-ucsd,2025-10-24,19:01:13,-07:00,2025-10-24T19:01:13-07:00,8,3
project2/index.html,82,html,47a922a9,lan019-ucsd,2025-10-24,19:01:13,-07:00,2025-10-24T19:01:13-07:00,8,2
project2/index.html,83,html,0367f58f,lan019-ucsd,2025-10-24,21:39:26,-07:00,2025-10-24T21:39:26-07:00,10,42
project2/index.html,84,html,47a922a9,lan019-ucsd,2025-10-24,19:01:13,-07:00,2025-10-24T19:01:13-07:00,10,115
project2/index.html,85,html,47a922a9,lan019-ucsd,2025-10-24,19:01:13,-07:00,2025-10-24T19:01:13-07:00,10,115
project2/index.html,86,html,47a922a9,lan019-ucsd,2025-10-24,19:01:13,-07:00,2025-10-24T19:01:13-07:00,8,3
project2/index.html,87,html,47a922a9,lan019-ucsd,2025-10-24,19:01:13,-07:00,2025-10-24T19:01:13-07:00,8,2
project2/index.html,88,html,0367f58f,lan019-ucsd,2025-10-24,21:39:26,-07:00,2025-10-24T21:39:26-07:00,10,33
project2/index.html,89,html,47a922a9,lan019-ucsd,2025-10-24,19:01:13,-07:00,2025-10-24T19:01:13-07:00,10,122
project2/index.html,90,html,47a922a9,lan019-ucsd,2025-10-24,19:01:13,-07:00,2025-10-24T19:01:13-07:00,10,99
project2/index.html,91,html,47a922a9,lan019-ucsd,2025-10-24,19:01:13,-07:00,2025-10-24T19:01:13-07:00,8,3
project2/index.html,92,html,47a922a9,lan019-ucsd,2025-10-24,19:01:13,-07:00,2025-10-24T19:01:13-07:00,8,2
project2/index.html,93,html,0367f58f,lan019-ucsd,2025-10-24,21:39:26,-07:00,2025-10-24T21:39:26-07:00,10,33
project2/index.html,94,html,47a922a9,lan019-ucsd,2025-10-24,19:01:13,-07:00,2025-10-24T19:01:13-07:00,10,123
project2/index.html,95,html,47a922a9,lan019-ucsd,2025-10-24,19:01:13,-07:00,2025-10-24T19:01:13-07:00,10,118
project2/index.html,96,html,47a922a9,lan019-ucsd,2025-10-24,19:01:13,-07:00,2025-10-24T19:01:13-07:00,8,3
project2/index.html,97,html,1350021f,lan019-ucsd,2025-10-23,20:16:32,-07:00,2025-10-23T20:16:32-07:00,6,3
project2/index.html,98,html,1350021f,lan019-ucsd,2025-10-23,20:16:32,-07:00,2025-10-23T20:16:32-07:00,4,8
project2/index.html,99,html,1350021f,lan019-ucsd,2025-10-23,20:16:32,-07:00,2025-10-23T20:16:32-07:00,0,0
project2/index.html,100,html,1350021f,lan019-ucsd,2025-10-23,20:16:32,-07:00,2025-10-23T20:16:32-07:00,4,7
project2/index.html,101,html,1350021f,lan019-ucsd,2025-10-23,20:16:32,-07:00,2025-10-23T20:16:32-07:00,6,25
project2/index.html,102,html,0367f58f,lan019-ucsd,2025-10-24,21:39:26,-07:00,2025-10-24T21:39:26-07:00,6,1
project2/index.html,103,html,0367f58f,lan019-ucsd,2025-10-24,21:39:26,-07:00,2025-10-24T21:39:26-07:00,8,112
project2/index.html,104,html,17cd11e3,lan019-ucsd,2025-10-24,21:51:47,-07:00,2025-10-24T21:51:47-07:00,8,185
project2/index.html,105,html,17cd11e3,lan019-ucsd,2025-10-24,21:51:47,-07:00,2025-10-24T21:51:47-07:00,8,203
project2/index.html,106,html,0367f58f,lan019-ucsd,2025-10-24,21:39:26,-07:00,2025-10-24T21:39:26-07:00,8,121
project2/index.html,107,html,17cd11e3,lan019-ucsd,2025-10-24,21:51:47,-07:00,2025-10-24T21:51:47-07:00,8,124
project2/index.html,108,html,0367f58f,lan019-ucsd,2025-10-24,21:39:26,-07:00,2025-10-24T21:39:26-07:00,8,7
project2/index.html,109,html,0367f58f,lan019-ucsd,2025-10-24,21:39:26,-07:00,2025-10-24T21:39:26-07:00,6,2
project2/index.html,110,html,0367f58f,lan019-ucsd,2025-10-24,21:39:26,-07:00,2025-10-24T21:39:26-07:00,6,1
project2/index.html,111,html,0367f58f,lan019-ucsd,2025-10-24,21:39:26,-07:00,2025-10-24T21:39:26-07:00,8,107
project2/index.html,112,html,0367f58f,lan019-ucsd,2025-10-24,21:39:26,-07:00,2025-10-24T21:39:26-07:00,8,117
project2/index.html,113,html,0367f58f,lan019-ucsd,2025-10-24,21:39:26,-07:00,2025-10-24T21:39:26-07:00,8,116
project2/index.html,114,html,0367f58f,lan019-ucsd,2025-10-24,21:39:26,-07:00,2025-10-24T21:39:26-07:00,8,111
project2/index.html,115,html,0367f58f,lan019-ucsd,2025-10-24,21:39:26,-07:00,2025-10-24T21:39:26-07:00,8,114
project2/index.html,116,html,0367f58f,lan019-ucsd,2025-10-24,21:39:26,-07:00,2025-10-24T21:39:26-07:00,8,112
project2/index.html,117,html,0367f58f,lan019-ucsd,2025-10-24,21:39:26,-07:00,2025-10-24T21:39:26-07:00,6,2
project2/index.html,118,html,0367f58f,lan019-ucsd,2025-10-24,21:39:26,-07:00,2025-10-24T21:39:26-07:00,6,1
project2/index.html,119,html,0367f58f,lan019-ucsd,2025-10-24,21:39:26,-07:00,2025-10-24T21:39:26-07:00,8,115
project2/index.html,120,html,0367f58f,lan019-ucsd,2025-10-24,21:39:26,-07:00,2025-10-24T21:39:26-07:00,8,123
project2/index.html,121,html,0367f58f,lan019-ucsd,2025-10-24,21:39:26,-07:00,2025-10-24T21:39:26-07:00,8,118
project2/index.html,122,html,0367f58f,lan019-ucsd,2025-10-24,21:39:26,-07:00,2025-10-24T21:39:26-07:00,8,121
project2/index.html,123,html,0367f58f,lan019-ucsd,2025-10-24,21:39:26,-07:00,2025-10-24T21:39:26-07:00,8,125
project2/index.html,124,html,0367f58f,lan019-ucsd,2025-10-24,21:39:26,-07:00,2025-10-24T21:39:26-07:00,6,2
project2/index.html,125,html,0367f58f,lan019-ucsd,2025-10-24,21:39:26,-07:00,2025-10-24T21:39:26-07:00,0,0
project2/index.html,126,html,b234ec54,lan019-ucsd,2025-10-23,17:12:08,-07:00,2025-10-23T17:12:08-07:00,4,8
project2/index.html,127,html,b234ec54,lan019-ucsd,2025-10-23,17:12:08,-07:00,2025-10-23T17:12:08-07:00,2,5
project2/index.html,128,html,0ffdd509,lan019-ucsd,2025-10-23,15:56:36,-07:00,2025-10-23T15:56:36-07:00,2,0
project2/index.html,129,html,a3048ca4,lan019-ucsd,2025-10-24,17:17:33,-07:00,2025-10-24T17:17:33-07:00,2,52
project2/index.html,130,html,a3048ca4,lan019-ucsd,2025-10-24,17:17:33,-07:00,2025-10-24T17:17:33-07:00,2,51
project2/index.html,131,html,0ffdd509,lan019-ucsd,2025-10-23,15:56:36,-07:00,2025-10-23T15:56:36-07:00,0,5
project2/index.html,132,html,0ffdd509,lan019-ucsd,2025-10-23,15:56:36,-07:00,2025-10-23T15:56:36-07:00,0,5
cv/index.html,1,html,e0e1e720,lan019-ucsd,2025-10-02,16:19:07,-07:00,2025-10-02T16:19:07-07:00,0,13
cv/index.html,2,html,e0e1e720,lan019-ucsd,2025-10-02,16:19:07,-07:00,2025-10-02T16:19:07-07:00,0,14
cv/index.html,3,html,e0e1e720,lan019-ucsd,2025-10-02,16:19:07,-07:00,2025-10-02T16:19:07-07:00,0,4
cv/index.html,4,html,e0e1e720,lan019-ucsd,2025-10-02,16:19:07,-07:00,2025-10-02T16:19:07-07:00,2,20
cv/index.html,5,html,e0e1e720,lan019-ucsd,2025-10-02,16:19:07,-07:00,2025-10-02T16:19:07-07:00,2,68
cv/index.html,6,html,715f7ed3,lan019-ucsd,2025-10-02,16:21:53,-07:00,2025-10-02T16:21:53-07:00,2,31
cv/index.html,7,html,715f7ed3,lan019-ucsd,2025-10-02,16:21:53,-07:00,2025-10-02T16:21:53-07:00,2,45
cv/index.html,8,html,e0e1e720,lan019-ucsd,2025-10-02,16:19:07,-07:00,2025-10-02T16:19:07-07:00,0,5
cv/index.html,9,html,e0e1e720,lan019-ucsd,2025-10-02,16:19:07,-07:00,2025-10-02T16:19:07-07:00,0,4
cv/index.html,10,html,938cc0ce,lan019-ucsd,2025-10-10,12:40:56,-07:00,2025-10-10T12:40:56-07:00,2,26
cv/index.html,11,html,938cc0ce,lan019-ucsd,2025-10-10,12:40:56,-07:00,2025-10-10T12:40:56-07:00,4,20
cv/index.html,12,html,76345e27,lan019-ucsd,2025-10-10,12:57:10,-07:00,2025-10-10T12:57:10-07:00,4,24
cv/index.html,13,html,76345e27,lan019-ucsd,2025-10-10,12:57:10,-07:00,2025-10-10T12:57:10-07:00,6,54
cv/index.html,14,html,76345e27,lan019-ucsd,2025-10-10,12:57:10,-07:00,2025-10-10T12:57:10-07:00,6,57
cv/index.html,15,html,76345e27,lan019-ucsd,2025-10-10,12:57:10,-07:00,2025-10-10T12:57:10-07:00,6,53
cv/index.html,16,html,938cc0ce,lan019-ucsd,2025-10-10,12:40:56,-07:00,2025-10-10T12:40:56-07:00,4,4
cv/index.html,17,html,938cc0ce,lan019-ucsd,2025-10-10,12:40:56,-07:00,2025-10-10T12:40:56-07:00,2,7
cv/index.html,18,html,938cc0ce,lan019-ucsd,2025-10-10,12:40:56,-07:00,2025-10-10T12:40:56-07:00,0,0
cv/index.html,19,html,938cc0ce,lan019-ucsd,2025-10-10,12:40:56,-07:00,2025-10-10T12:40:56-07:00,2,7
cv/index.html,20,html,938cc0ce,lan019-ucsd,2025-10-10,12:40:56,-07:00,2025-10-10T12:40:56-07:00,4,18
cv/index.html,21,html,938cc0ce,lan019-ucsd,2025-10-10,12:40:56,-07:00,2025-10-10T12:40:56-07:00,4,22
cv/index.html,22,html,938cc0ce,lan019-ucsd,2025-10-10,12:40:56,-07:00,2025-10-10T12:40:56-07:00,6,33
cv/index.html,23,html,938cc0ce,lan019-ucsd,2025-10-10,12:40:56,-07:00,2025-10-10T12:40:56-07:00,6,24
cv/index.html,24,html,938cc0ce,lan019-ucsd,2025-10-10,12:40:56,-07:00,2025-10-10T12:40:56-07:00,8,43
cv/index.html,25,html,938cc0ce,lan019-ucsd,2025-10-10,12:40:56,-07:00,2025-10-10T12:40:56-07:00,8,28
cv/index.html,26,html,938cc0ce,lan019-ucsd,2025-10-10,12:40:56,-07:00,2025-10-10T12:40:56-07:00,6,4
cv/index.html,27,html,938cc0ce,lan019-ucsd,2025-10-10,12:40:56,-07:00,2025-10-10T12:40:56-07:00,4,4
cv/index.html,28,html,938cc0ce,lan019-ucsd,2025-10-10,12:40:56,-07:00,2025-10-10T12:40:56-07:00,0,0
cv/index.html,29,html,938cc0ce,lan019-ucsd,2025-10-10,12:40:56,-07:00,2025-10-10T12:40:56-07:00,4,22
cv/index.html,30,html,938cc0ce,lan019-ucsd,2025-10-10,12:40:56,-07:00,2025-10-10T12:40:56-07:00,6,33
cv/index.html,31,html,938cc0ce,lan019-ucsd,2025-10-10,12:40:56,-07:00,2025-10-10T12:40:56-07:00,6,24
cv/index.html,32,html,938cc0ce,lan019-ucsd,2025-10-10,12:40:56,-07:00,2025-10-10T12:40:56-07:00,8,45
cv/index.html,33,html,938cc0ce,lan019-ucsd,2025-10-10,12:40:56,-07:00,2025-10-10T12:40:56-07:00,8,44
cv/index.html,34,html,938cc0ce,lan019-ucsd,2025-10-10,12:40:56,-07:00,2025-10-10T12:40:56-07:00,6,4
cv/index.html,35,html,938cc0ce,lan019-ucsd,2025-10-10,12:40:56,-07:00,2025-10-10T12:40:56-07:00,4,4
cv/index.html,36,html,e0e1e720,lan019-ucsd,2025-10-02,16:19:07,-07:00,2025-10-02T16:19:07-07:00,2,8
cv/index.html,37,html,e0e1e720,lan019-ucsd,2025-10-02,16:19:07,-07:00,2025-10-02T16:19:07-07:00,0,0
cv/index.html,38,html,e0e1e720,lan019-ucsd,2025-10-02,16:19:07,-07:00,2025-10-02T16:19:07-07:00,2,7
cv/index.html,39,html,938cc0ce,lan019-ucsd,2025-10-10,12:40:56,-07:00,2025-10-10T12:40:56-07:00,4,18
cv/index.html,40,html,938cc0ce,lan019-ucsd,2025-10-10,12:40:56,-07:00,2025-10-10T12:40:56-07:00,4,22
cv/index.html,41,html,938cc0ce,lan019-ucsd,2025-10-10,12:40:56,-07:00,2025-10-10T12:40:56-07:00,6,31
cv/index.html,42,html,938cc0ce,lan019-ucsd,2025-10-10,12:40:56,-07:00,2025-10-10T12:40:56-07:00,6,24
cv/index.html,43,html,938cc0ce,lan019-ucsd,2025-10-10,12:40:56,-07:00,2025-10-10T12:40:56-07:00,8,26
cv/index.html,44,html,938cc0ce,lan019-ucsd,2025-10-10,12:40:56,-07:00,2025-10-10T12:40:56-07:00,8,2
cv/index.html,45,html,938cc0ce,lan019-ucsd,2025-10-10,12:40:56,-07:00,2025-10-10T12:40:56-07:00,10,81
cv/index.html,46,html,938cc0ce,lan019-ucsd,2025-10-10,12:40:56,-07:00,2025-10-10T12:40:56-07:00,10,72
cv/index.html,47,html,938cc0ce,lan019-ucsd,2025-10-10,12:40:56,-07:00,2025-10-10T12:40:56-07:00,8,3
cv/index.html,48,html,938cc0ce,lan019-ucsd,2025-10-10,12:40:56,-07:00,2025-10-10T12:40:56-07:00,6,4
cv/index.html,49,html,938cc0ce,lan019-ucsd,2025-10-10,12:40:56,-07:00,2025-10-10T12:40:56-07:00,4,4
cv/index.html,50,html,938cc0ce,lan019-ucsd,2025-10-10,12:40:56,-07:00,2025-10-10T12:40:56-07:00,4,22
cv/index.html,51,html,938cc0ce,lan019-ucsd,2025-10-10,12:40:56,-07:00,2025-10-10T12:40:56-07:00,6,32
cv/index.html,52,html,938cc0ce,lan019-ucsd,2025-10-10,12:40:56,-07:00,2025-10-10T12:40:56-07:00,6,24
cv/index.html,53,html,938cc0ce,lan019-ucsd,2025-10-10,12:40:56,-07:00,2025-10-10T12:40:56-07:00,8,40
cv/index.html,54,html,938cc0ce,lan019-ucsd,2025-10-10,12:40:56,-07:00,2025-10-10T12:40:56-07:00,8,2
cv/index.html,55,html,938cc0ce,lan019-ucsd,2025-10-10,12:40:56,-07:00,2025-10-10T12:40:56-07:00,10,87
cv/index.html,56,html,938cc0ce,lan019-ucsd,2025-10-10,12:40:56,-07:00,2025-10-10T12:40:56-07:00,10,72
cv/index.html,57,html,938cc0ce,lan019-ucsd,2025-10-10,12:40:56,-07:00,2025-10-10T12:40:56-07:00,8,3
cv/index.html,58,html,938cc0ce,lan019-ucsd,2025-10-10,12:40:56,-07:00,2025-10-10T12:40:56-07:00,6,4
cv/index.html,59,html,938cc0ce,lan019-ucsd,2025-10-10,12:40:56,-07:00,2025-10-10T12:40:56-07:00,4,4
cv/index.html,60,html,e0e1e720,lan019-ucsd,2025-10-02,16:19:07,-07:00,2025-10-02T16:19:07-07:00,2,8
cv/index.html,61,html,e0e1e720,lan019-ucsd,2025-10-02,16:19:07,-07:00,2025-10-02T16:19:07-07:00,0,0
cv/index.html,62,html,938cc0ce,lan019-ucsd,2025-10-10,12:40:56,-07:00,2025-10-10T12:40:56-07:00,2,7
cv/index.html,63,html,938cc0ce,lan019-ucsd,2025-10-10,12:40:56,-07:00,2025-10-10T12:40:56-07:00,4,15
cv/index.html,64,html,938cc0ce,lan019-ucsd,2025-10-10,12:40:56,-07:00,2025-10-10T12:40:56-07:00,4,2
cv/index.html,65,html,938cc0ce,lan019-ucsd,2025-10-10,12:40:56,-07:00,2025-10-10T12:40:56-07:00,6,40
cv/index.html,66,html,938cc0ce,lan019-ucsd,2025-10-10,12:40:56,-07:00,2025-10-10T12:40:56-07:00,6,47
cv/index.html,67,html,938cc0ce,lan019-ucsd,2025-10-10,12:40:56,-07:00,2025-10-10T12:40:56-07:00,6,38
cv/index.html,68,html,e0e1e720,lan019-ucsd,2025-10-02,16:19:07,-07:00,2025-10-02T16:19:07-07:00,4,3
cv/index.html,69,html,e0e1e720,lan019-ucsd,2025-10-02,16:19:07,-07:00,2025-10-02T16:19:07-07:00,2,8
cv/index.html,70,html,aa66eb1c,lan019-ucsd,2025-10-15,16:46:12,-07:00,2025-10-15T16:46:12-07:00,0,0
cv/index.html,71,html,aa66eb1c,lan019-ucsd,2025-10-15,16:46:12,-07:00,2025-10-15T16:46:12-07:00,2,52
cv/index.html,72,html,e0e1e720,lan019-ucsd,2025-10-02,16:19:07,-07:00,2025-10-02T16:19:07-07:00,0,5
cv/index.html,73,html,e0e1e720,lan019-ucsd,2025-10-02,16:19:07,-07:00,2025-10-02T16:19:07-07:00,0,5
contact/index.html,1,html,43d25fba,lan019-ucsd,2025-10-02,14:03:26,-07:00,2025-10-02T14:03:26-07:00,0,13
contact/index.html,2,html,43d25fba,lan019-ucsd,2025-10-02,14:03:26,-07:00,2025-10-02T14:03:26-07:00,0,14
contact/index.html,3,html,43d25fba,lan019-ucsd,2025-10-02,14:03:26,-07:00,2025-10-02T14:03:26-07:00,0,4
contact/index.html,4,html,43d25fba,lan019-ucsd,2025-10-02,14:03:26,-07:00,2025-10-02T14:03:26-07:00,2,20
contact/index.html,5,html,43d25fba,lan019-ucsd,2025-10-02,14:03:26,-07:00,2025-10-02T14:03:26-07:00,2,68
contact/index.html,6,html,43d25fba,lan019-ucsd,2025-10-02,14:03:26,-07:00,2025-10-02T14:03:26-07:00,2,31
contact/index.html,7,html,43d25fba,lan019-ucsd,2025-10-02,14:03:26,-07:00,2025-10-02T14:03:26-07:00,2,45
contact/index.html,8,html,43d25fba,lan019-ucsd,2025-10-02,14:03:26,-07:00,2025-10-02T14:03:26-07:00,0,5
contact/index.html,9,html,43d25fba,lan019-ucsd,2025-10-02,14:03:26,-07:00,2025-10-02T14:03:26-07:00,0,4
contact/index.html,10,html,43d25fba,lan019-ucsd,2025-10-02,14:03:26,-07:00,2025-10-02T14:03:26-07:00,2,15
contact/index.html,11,html,7b6e4cff,lan019-ucsd,2025-10-02,14:57:13,-07:00,2025-10-02T14:57:13-07:00,2,45
contact/index.html,12,html,7b6e4cff,lan019-ucsd,2025-10-02,14:57:13,-07:00,2025-10-02T14:57:13-07:00,0,0
contact/index.html,13,html,d1296b29,lan019-ucsd,2025-10-16,17:14:39,-07:00,2025-10-16T17:14:39-07:00,2,54
contact/index.html,14,html,581ded28,lan019-ucsd,2025-10-09,16:00:32,-07:00,2025-10-09T16:00:32-07:00,3,5
contact/index.html,15,html,581ded28,lan019-ucsd,2025-10-09,16:00:32,-07:00,2025-10-09T16:00:32-07:00,4,3
contact/index.html,16,html,d1296b29,lan019-ucsd,2025-10-16,17:14:39,-07:00,2025-10-16T17:14:39-07:00,4,42
contact/index.html,17,html,7e08415b,lan019-ucsd,2025-10-23,10:44:28,-07:00,2025-10-23T10:44:28-07:00,3,6
contact/index.html,18,html,7b6e4cff,lan019-ucsd,2025-10-02,14:57:13,-07:00,2025-10-02T14:57:13-07:00,0,0
contact/index.html,19,html,581ded28,lan019-ucsd,2025-10-09,16:00:32,-07:00,2025-10-09T16:00:32-07:00,3,5
contact/index.html,20,html,581ded28,lan019-ucsd,2025-10-09,16:00:32,-07:00,2025-10-09T16:00:32-07:00,4,4
contact/index.html,21,html,581ded28,lan019-ucsd,2025-10-09,16:00:32,-07:00,2025-10-09T16:00:32-07:00,4,44
contact/index.html,22,html,7e08415b,lan019-ucsd,2025-10-23,10:44:28,-07:00,2025-10-23T10:44:28-07:00,3,6
contact/index.html,23,html,7b6e4cff,lan019-ucsd,2025-10-02,14:57:13,-07:00,2025-10-02T14:57:13-07:00,0,0
contact/index.html,24,html,581ded28,lan019-ucsd,2025-10-09,16:00:32,-07:00,2025-10-09T16:00:32-07:00,3,5
contact/index.html,25,html,581ded28,lan019-ucsd,2025-10-09,16:00:32,-07:00,2025-10-09T16:00:32-07:00,4,6
contact/index.html,26,html,581ded28,lan019-ucsd,2025-10-09,16:00:32,-07:00,2025-10-09T16:00:32-07:00,4,56
contact/index.html,27,html,7e08415b,lan019-ucsd,2025-10-23,10:44:28,-07:00,2025-10-23T10:44:28-07:00,3,6
contact/index.html,28,html,73632f52,lan019-ucsd,2025-10-02,15:00:30,-07:00,2025-10-02T15:00:30-07:00,0,0
contact/index.html,29,html,581ded28,lan019-ucsd,2025-10-09,16:00:32,-07:00,2025-10-09T16:00:32-07:00,3,35
contact/index.html,30,html,581ded28,lan019-ucsd,2025-10-09,16:00:32,-07:00,2025-10-09T16:00:32-07:00,2,5
contact/index.html,31,html,aa66eb1c,lan019-ucsd,2025-10-15,16:46:12,-07:00,2025-10-15T16:46:12-07:00,0,0
contact/index.html,32,html,bf0ad4a1,lan019-ucsd,2025-10-15,16:55:52,-07:00,2025-10-15T16:55:52-07:00,2,52
contact/index.html,33,html,43d25fba,lan019-ucsd,2025-10-02,14:03:26,-07:00,2025-10-02T14:03:26-07:00,0,5
contact/index.html,34,html,581ded28,lan019-ucsd,2025-10-09,16:00:32,-07:00,2025-10-09T16:00:32-07:00,0,5
